Workbook

Sheet TABLA
A3: Suma de DÓLARES | B3: Etiquetas de columna
A4: Etiquetas de fila | B4: 1 | C4: 2 | D4: 3 | E4: 4 | F4: 5 | G4: 6 | H4: 7 | I4: 8 | J4: 9 | K4: 10 | L4: 11 | M4: 12 | N4: Total general
A5: ROGELIO CURIEL | B5: 810952.75 | C5: 1184653.2 | D5: 994455.1 | E5: 724805.8 | F5: 1633465 | G5: 729224.49 | H5: 652691.6 | I5: 1683256.9 | J5: 321523.75 | K5: 1088738 | L5: 1635138.8 | M5: 247884.6 | N5: 11706790 | O5: =+GETPIVOTDATA("DÓLARES",$A$3,"VENDEDOR","ROGELIO CURIEL") -> 11706790
A6: RADAMES BAEZ | B6: 27547 | C6: 40477.8 | D6: 29907 | E6: 74949.4 | F6: 151776 | G6: 174464.3 | H6: 190704 | I6: 200676.9 | J6: 209127.8 | K6: 188806 | L6: 101914.4 | M6: 62108 | N6: 1452458.6 | O6: 600000
A7: RODOLFO AYALA | B7: 64129.4 | C7: 72765.4 | D7: 149192.89 | E7: 47151.08 | F7: 29428.28 | G7: 230317.84 | H7: 72517.46 | I7: 121061.37 | J7: 211717.37 | K7: 132778.32 | L7: 143867.95 | M7: 126823.4 | N7: 1401750.8 | O7: 1300000
A8: EDGAR MUÑOZ | B8: 23580.4 | C8: 31668.9 | D8: 57246.2 | E8: 76793.4 | F8: 106991.2 | G8: 144730 | H8: 162258.7 | I8: 129524.4 | J8: 119286.2 | K8: 144718.65 | L8: 169560.4 | M8: 141183.45 | N8: 1307541.9 | O8: 600000
A9: RICARDO RODRIGUEZ | B9: 60764.229 | C9: 55066.59 | D9: 52036.823 | E9: 66796.632 | F9: 52167.815 | G9: 55772.181 | H9: 69239.782 | I9: 55056.156 | J9: 67943.199 | K9: 60817.601 | L9: 68203.518 | M9: 57161.015 | N9: 721025.54 | O9: =+GETPIVOTDATA("DÓLARES",$A$3,"VENDEDOR","RICARDO RODRIGUEZ") -> 721025.54
A10: EDUARDO PERALTA | F10: 1750 | H10: 12606 | K10: 91060 | N10: 105416 | O10: =+GETPIVOTDATA("DÓLARES",$A$3,"VENDEDOR","EDUARDO PERALTA") -> 105416
A11: Total general | B11: 986973.78 | C11: 1384631.9 | D11: 1282838 | E11: 990496.31 | F11: 1975578.3 | G11: 1334508.8 | H11: 1160017.5 | I11: 2189575.7 | J11: 929598.32 | K11: 1706918.6 | L11: 2118685.1 | M11: 635160.47 | N11: 16694983 | O11: =SUM(O5:O10) -> 15033232 | P11: =+O11*18 -> 2.7059817e+08
B12: 986973.78 | C12: 1384631.9 | D12: 1282838 | E12: 990496.31 | F12: 1975578.3 | G12: 1334508.8 | H12: 1160017.5 | I12: 2189575.7 | J12: 929598.32 | K12: 1706918.6 | L12: 2118685.1 | M12: 635160.47
B13: 18 | C13: 18 | D13: 18 | E13: 18 | F13: 18 | G13: 18 | H13: 18 | I13: 18 | J13: 18 | K13: 18 | L13: 18 | M13: 18 | O13: =+O11-O9 -> 14312206
B15: =+B12*B13 -> 17765528 | C15: =+C12*C13 -> 24923374 | D15: =+D12*D13 -> 23091084 | E15: =+E12*E13 -> 17828934 | F15: =+F12*F13 -> 35560409 | G15: =+G12*G13 -> 24021159 | H15: =+H12*H13 -> 20880316 | I15: =+I12*I13 -> 39412363 | ... M15: =+M12*M13 -> 11432888 | N15: =SUM(B15:M15) -> 3.0050969e+08
N17: =+N19/N18 -> 18 | O17: 18
N18: =+GETPIVOTDATA("DÓLARES",$A$3) -> 16694983 | O18: =+O13*O17 -> 2.5761971e+08
N19: =+GETPIVOTDATA("DÓLARES",$A$3)*18 -> 3.0050969e+08 | O19: =+O11*18 -> 2.7059817e+08

Sheet BD
A2: CODIGO | B2: FILAS | C2: MESES | D2: CLAVE | F2: NOMBRE DEL CLIENTE | G2: CLAVE DEL PRODUCTO SKU | H2: PRODUCTO | I2: AREA | J2: VENDEDOR | K2: PRECIO UNITARIO EN DÓLARES | L2: TIPO | M2: VOLUMEN | N2: PU | O2: DÓLARES
A3: 1 | B3: 1 | C3: 1 | D3: 28 | E3: =VLOOKUP(D3,[1]Hoja1!$C$2:$D$49697,2,0) -> CERVECERIA CUAUHTEMOC MOCTEZUMA SA DE CV | F3: CERVECERIA CUAUHTEMOC MOCTEZUMA SA DE CV | G3: MP-0308 | H3: ULTRAFLO PRIME CONTENEDOR | I3: CERVEZA | J3: ROGELIO CURIEL | K3: 28.78 | L3: PRESUPUESTO | M3: {=INDEX(ACUMULADO!$J$5:$U$240,BD!B3,BD!C3)} -> 0 | N3: =IFERROR(O3/M3,0) -> 0 | O3: {=INDEX(ACUMULADO!$X$5:$AI$240,BD!B3,BD!C3)} -> 0
A4: 2 | B4: =IF(B3=236,1,B3+1) -> 2 | C4: =IF(B3=236,C3+1,C3) -> 1 | D4: 28 | E4: =VLOOKUP(D4,[1]Hoja1!$C$2:$D$49697,2,0) -> CERVECERIA CUAUHTEMOC MOCTEZUMA SA DE CV | F4: CERVECERIA CUAUHTEMOC MOCTEZUMA SA DE CV | G4: MP-0316 | H4: ATTENUZYME PRIME CONTENEDOR | I4: CERVEZA | J4: ROGELIO CURIEL | K4: 25.75 | L4: PRESUPUESTO | M4: {=INDEX(ACUMULADO!$J$5:$U$240,BD!B4,BD!C4)} -> 2200 | N4: =IFERROR(O4/M4,0) -> 25.75 | O4: {=INDEX(ACUMULADO!$X$5:$AI$240,BD!B4,BD!C4)} -> 56650
A5: 3 | B5: =IF(B4=236,1,B4+1) -> 3 | C5: =IF(B4=236,C4+1,C4) -> 1 | D5: 28 | E5: =VLOOKUP(D5,[1]Hoja1!$C$2:$D$49697,2,0) -> CERVECERIA CUAUHTEMOC MOCTEZUMA SA DE CV | F5: CERVECERIA CUAUHTEMOC MOCTEZUMA SA DE CV | G5: 169 | H5: CEREMIX PLUS MG | I5: CERVEZA | J5: ROGELIO CURIEL | K5: 16.9 | L5: PRESUPUESTO | M5: {=INDEX(ACUMULADO!$J$5:$U$240,BD!B5,BD!C5)} -> 0 | N5: =IFERROR(O5/M5,0) -> 0 | O5: {=INDEX(ACUMULADO!$X$5:$AI$240,BD!B5,BD!C5)} -> 0
A6: 4 | B6: =IF(B5=236,1,B5+1) -> 4 | C6: =IF(B5=236,C5+1,C5) -> 1 | D6: 28 | E6: =VLOOKUP(D6,[1]Hoja1!$C$2:$D$49697,2,0) -> CERVECERIA CUAUHTEMOC MOCTEZUMA SA DE CV | F6: CERVECERIA CUAUHTEMOC MOCTEZUMA SA DE CV | G6: CON-0246 | H6: TERMAMYL SC 4X CONTENEDOR 1200 KG | I6: CERVEZA | J6: ROGELIO CURIEL | K6: 12.73 | L6: PRESUPUESTO | M6: {=INDEX(ACUMULADO!$J$5:$U$240,BD!B6,BD!C6)} -> 0 | N6: =IFERROR(O6/M6,0) -> 0 | O6: {=INDEX(ACUMULADO!$X$5:$AI$240,BD!B6,BD!C6)} -> 0
A7: 5 | B7: =IF(B6=236,1,B6+1) -> 5 | C7: =IF(B6=236,C6+1,C6) -> 1 | D7: 28 | E7: =VLOOKUP(D7,[1]Hoja1!$C$2:$D$49697,2,0) -> CERVECERIA CUAUHTEMOC MOCTEZUMA SA DE CV | F7: CERVECERIA CUAUHTEMOC MOCTEZUMA SA DE CV | G7: MP-0184 | H7: MATUREX PRO | I7: CERVEZA | J7: ROGELIO CURIEL | K7: 81.36 | L7: PRESUPUESTO | M7: {=INDEX(ACUMULADO!$J$5:$U$240,BD!B7,BD!C7)} -> 180 | N7: =IFERROR(O7/M7,0) -> 81.36 | O7: {=INDEX(ACUMULADO!$X$5:$AI$240,BD!B7,BD!C7)} -> 14644.8
A8: 6 | B8: =IF(B7=236,1,B7+1) -> 6 | C8: =IF(B7=236,C7+1,C7) -> 1 | D8: 29 | E8: =VLOOKUP(D8,[1]Hoja1!$C$2:$D$49697,2,0) -> CERVECERIA CUAUHTEMOC MOCTEZUMA SA DE CV | F8: CERVECERIA CUAUHTEMOC MOCTEZUMA SA DE CV | G8: MP-0268 | H8: ULTRAFLO PRIME | I8: CERVEZA | J8: ROGELIO CURIEL | K8: 28.78 | L8: PRESUPUESTO | M8: {=INDEX(ACUMULADO!$J$5:$U$240,BD!B8,BD!C8)} -> 475 | N8: =IFERROR(O8/M8,0) -> 28.78 | O8: {=INDEX(ACUMULADO!$X$5:$AI$240,BD!B8,BD!C8)} -> 13670.5
A9: 7 | B9: =IF(B8=236,1,B8+1) -> 7 | C9: =IF(B8=236,C8+1,C8) -> 1 | D9: 29 | E9: =VLOOKUP(D9,[1]Hoja1!$C$2:$D$49697,2,0) -> CERVECERIA CUAUHTEMOC MOCTEZUMA SA DE CV | F9: CERVECERIA CUAUHTEMOC MOCTEZUMA SA DE CV | G9: MP-0317 | H9: ATTENUZYME PRIME | I9: CERVEZA | J9: ROGELIO CURIEL | K9: 25.75 | L9: PRESUPUESTO | M9: {=INDEX(ACUMULADO!$J$5:$U$240,BD!B9,BD!C9)} -> 1600 | N9: =IFERROR(O9/M9,0) -> 25.75 | O9: {=INDEX(ACUMULADO!$X$5:$AI$240,BD!B9,BD!C9)} -> 41200
A10: 8 | B10: =IF(B9=236,1,B9+1) -> 8 | C10: =IF(B9=236,C9+1,C9) -> 1 | D10: 29 | E10: =VLOOKUP(D10,[1]Hoja1!$C$2:$D$49697,2,0) -> CERVECERIA CUAUHTEMOC MOCTEZUMA SA DE CV | F10: CERVECERIA CUAUHTEMOC MOCTEZUMA SA DE CV | G10: 169 | H10: CEREMIX PLUS MG | I10: CERVEZA | J10: ROGELIO CURIEL | K10: 16.9 | L10: PRESUPUESTO | M10: {=INDEX(ACUMULADO!$J$5:$U$240,BD!B10,BD!C10)} -> 800 | N10: =IFERROR(O10/M10,0) -> 16.9 | O10: {=INDEX(ACUMULADO!$X$5:$AI$240,BD!B10,BD!C10)} -> 13520
A11: 9 | B11: =IF(B10=236,1,B10+1) -> 9 | C11: =IF(B10=236,C10+1,C10) -> 1 | D11: 29 | E11: =VLOOKUP(D11,[1]Hoja1!$C$2:$D$49697,2,0) -> CERVECERIA CUAUHTEMOC MOCTEZUMA SA DE CV | F11: CERVECERIA CUAUHTEMOC MOCTEZUMA SA DE CV | G11: MP-0184 | H11: MATUREX PRO | I11: CERVEZA | J11: ROGELIO CURIEL | K11: 81.36 | L11: PRESUPUESTO | M11: {=INDEX(ACUMULADO!$J$5:$U$240,BD!B11,BD!C11)} -> 60 | N11: =IFERROR(O11/M11,0) -> 81.36 | O11: {=INDEX(ACUMULADO!$X$5:$AI$240,BD!B11,BD!C11)} -> 4881.6
A12: 10 | B12: =IF(B11=236,1,B11+1) -> 10 | C12: =IF(B11=236,C11+1,C11) -> 1 | D12: 29 | E12: =VLOOKUP(D12,[1]Hoja1!$C$2:$D$49697,2,0) -> CERVECERIA CUAUHTEMOC MOCTEZUMA SA DE CV | F12: CERVECERIA CUAUHTEMOC MOCTEZUMA SA DE CV | G12: MP-0246 | H12: TERMAMYL SC 4X PORRON 25 KG | I12: CERVEZA | J12: ROGELIO CURIEL | K12: 12.73 | L12: PRESUPUESTO | M12: {=INDEX(ACUMULADO!$J$5:$U$240,BD!B12,BD!C12)} -> 300 | N12: =IFERROR(O12/M12,0) -> 12.73 | O12: {=INDEX(ACUMULADO!$X$5:$AI$240,BD!B12,BD!C12)} -> 3819
A13: 11 | B13: =IF(B12=236,1,B12+1) -> 11 | C13: =IF(B12=236,C12+1,C12) -> 1 | D13: 30 | E13: =VLOOKUP(D13,[1]Hoja1!$C$2:$D$49697,2,0) -> CERVECERIA CUAUHTEMOC MOCTEZUMA SA DE CV | F13: CERVECERIA CUAUHTEMOC MOCTEZUMA SA DE CV | G13: MP-0268 | H13: ULTRAFLO PRIME | I13: CERVEZA | J13: ROGELIO CURIEL | K13: 28.78 | L13: PRESUPUESTO | M13: {=INDEX(ACUMULADO!$J$5:$U$240,BD!B13,BD!C13)} -> 0 | N13: =IFERROR(O13/M13,0) -> 0 | O13: {=INDEX(ACUMULADO!$X$5:$AI$240,BD!B13,BD!C13)} -> 0
A14: 12 | B14: =IF(B13=236,1,B13+1) -> 12 | C14: =IF(B13=236,C13+1,C13) -> 1 | D14: 30 | E14: =VLOOKUP(D14,[1]Hoja1!$C$2:$D$49697,2,0) -> CERVECERIA CUAUHTEMOC MOCTEZUMA SA DE CV | F14: CERVECERIA CUAUHTEMOC MOCTEZUMA SA DE CV | G14: MP-0317 | H14: ATTENUZYME PRIME | I14: CERVEZA | J14: ROGELIO CURIEL | K14: 25.75 | L14: PRESUPUESTO | M14: {=INDEX(ACUMULADO!$J$5:$U$240,BD!B14,BD!C14)} -> 0 | N14: =IFERROR(O14/M14,0) -> 0 | O14: {=INDEX(ACUMULADO!$X$5:$AI$240,BD!B14,BD!C14)} -> 0
A15: 13 | B15: =IF(B14=236,1,B14+1) -> 13 | C15: =IF(B14=236,C14+1,C14) -> 1 | D15: 30 | E15: =VLOOKUP(D15,[1]Hoja1!$C$2:$D$49697,2,0) -> CERVECERIA CUAUHTEMOC MOCTEZUMA SA DE CV | F15: CERVECERIA CUAUHTEMOC MOCTEZUMA SA DE CV | G15: 169 | H15: CEREMIX PLUS MG | I15: CERVEZA | J15: ROGELIO CURIEL | K15: 16.9 | L15: PRESUPUESTO | M15: {=INDEX(ACUMULADO!$J$5:$U$240,BD!B15,BD!C15)} -> 0 | N15: =IFERROR(O15/M15,0) -> 0 | O15: {=INDEX(ACUMULADO!$X$5:$AI$240,BD!B15,BD!C15)} -> 0
A16: 14 | B16: =IF(B15=236,1,B15+1) -> 14 | C16: =IF(B15=236,C15+1,C15) -> 1 | D16: 30 | E16: =VLOOKUP(D16,[1]Hoja1!$C$2:$D$49697,2,0) -> CERVECERIA CUAUHTEMOC MOCTEZUMA SA DE CV | F16: CERVECERIA CUAUHTEMOC MOCTEZUMA SA DE CV | G16: MP-0246 | H16: TERMAMYL SC 4X PORRON 25 KG | I16: CERVEZA | J16: ROGELIO CURIEL | K16: 12.73 | L16: PRESUPUESTO | M16: {=INDEX(ACUMULADO!$J$5:$U$240,BD!B16,BD!C16)} -> 0 | N16: =IFERROR(O16/M16,0) -> 0 | O16: {=INDEX(ACUMULADO!$X$5:$AI$240,BD!B16,BD!C16)} -> 0
A17: 15 | B17: =IF(B16=236,1,B16+1) -> 15 | C17: =IF(B16=236,C16+1,C16) -> 1 | D17: 31 | E17: =VLOOKUP(D17,[1]Hoja1!$C$2:$D$49697,2,0) -> CERVECERIA CUAUHTEMOC MOCTEZUMA SA DE CV | F17: CERVECERIA CUAUHTEMOC MOCTEZUMA SA DE CV | G17: MP-0308 | H17: ULTRAFLO PRIME CONTENEDOR | I17: CERVEZA | J17: ROGELIO CURIEL | K17: 28.78 | L17: PRESUPUESTO | M17: {=INDEX(ACUMULADO!$J$5:$U$240,BD!B17,BD!C17)} -> 0 | N17: =IFERROR(O17/M17,0) -> 0 | O17: {=INDEX(ACUMULADO!$X$5:$AI$240,BD!B17,BD!C17)} -> 0
A18: 16 | B18: =IF(B17=236,1,B17+1) -> 16 | C18: =IF(B17=236,C17+1,C17) -> 1 | D18: 31 | E18: =VLOOKUP(D18,[1]Hoja1!$C$2:$D$49697,2,0) -> CERVECERIA CUAUHTEMOC MOCTEZUMA SA DE CV | F18: CERVECERIA CUAUHTEMOC MOCTEZUMA SA DE CV | G18: 169 | H18: CEREMIX PLUS MG | I18: CERVEZA | J18: ROGELIO CURIEL | K18: 16.9 | L18: PRESUPUESTO | M18: {=INDEX(ACUMULADO!$J$5:$U$240,BD!B18,BD!C18)} -> 0 | N18: =IFERROR(O18/M18,0) -> 0 | O18: {=INDEX(ACUMULADO!$X$5:$AI$240,BD!B18,BD!C18)} -> 0
A19: 17 | B19: =IF(B18=236,1,B18+1) -> 17 | C19: =IF(B18=236,C18+1,C18) -> 1 | D19: 31 | E19: =VLOOKUP(D19,[1]Hoja1!$C$2:$D$49697,2,0) -> CERVECERIA CUAUHTEMOC MOCTEZUMA SA DE CV | F19: CERVECERIA CUAUHTEMOC MOCTEZUMA SA DE CV | G19: MP-0184 | H19: MATUREX PRO | I19: CERVEZA | J19: ROGELIO CURIEL | K19: 81.36 | L19: PRESUPUESTO | M19: {=INDEX(ACUMULADO!$J$5:$U$240,BD!B19,BD!C19)} -> 0 | N19: =IFERROR(O19/M19,0) -> 0 | O19: {=INDEX(ACUMULADO!$X$5:$AI$240,BD!B19,BD!C19)} -> 0
A20: 18 | B20: =IF(B19=236,1,B19+1) -> 18 | C20: =IF(B19=236,C19+1,C19) -> 1 | D20: 31 | E20: =VLOOKUP(D20,[1]Hoja1!$C$2:$D$49697,2,0) -> CERVECERIA CUAUHTEMOC MOCTEZUMA SA DE CV | F20: CERVECERIA CUAUHTEMOC MOCTEZUMA SA DE CV | G20: CON-0246 | H20: TERMAMYL SC 4X CONTENEDOR 1200 KG | I20: CERVEZA | J20: ROGELIO CURIEL | K20: 12.73 | L20: PRESUPUESTO | M20: {=INDEX(ACUMULADO!$J$5:$U$240,BD!B20,BD!C20)} -> 0 | N20: =IFERROR(O20/M20,0) -> 0 | O20: {=INDEX(ACUMULADO!$X$5:$AI$240,BD!B20,BD!C20)} -> 0
A21: 19 | B21: =IF(B20=236,1,B20+1) -> 19 | C21: =IF(B20=236,C20+1,C20) -> 1 | D21: 32 | E21: =VLOOKUP(D21,[1]Hoja1!$C$2:$D$49697,2,0) -> CERVECERIA CUAUHTEMOC MOCTEZUMA SA DE CV | F21: CERVECERIA CUAUHTEMOC MOCTEZUMA SA DE CV | G21: MP-0044 | H21: ULTRAFLO MAX CONTENEDOR | I21: CERVEZA | J21: ROGELIO CURIEL | K21: 26.54 | L21: PRESUPUESTO | M21: {=INDEX(ACUMULADO!$J$5:$U$240,BD!B21,BD!C21)} -> 0 | N21: =IFERROR(O21/M21,0) -> 0 | O21: {=INDEX(ACUMULADO!$X$5:$AI$240,BD!B21,BD!C21)} -> 0
A22: 20 | B22: =IF(B21=236,1,B21+1) -> 20 | C22: =IF(B21=236,C21+1,C21) -> 1 | D22: 32 | E22: =VLOOKUP(D22,[1]Hoja1!$C$2:$D$49697,2,0) -> CERVECERIA CUAUHTEMOC MOCTEZUMA SA DE CV | F22: CERVECERIA CUAUHTEMOC MOCTEZUMA SA DE CV | G22: MP-0316 | H22: ATTENUZYME PRIME CONTENEDOR | I22: CERVEZA | J22: ROGELIO CURIEL | K22: 25.75 | L22: PRESUPUESTO | M22: {=INDEX(ACUMULADO!$J$5:$U$240,BD!B22,BD!C22)} -> 0 | N22: =IFERROR(O22/M22,0) -> 0 | O22: {=INDEX(ACUMULADO!$X$5:$AI$240,BD!B22,BD!C22)} -> 0
A23: 21 | B23: =IF(B22=236,1,B22+1) -> 21 | C23: =IF(B22=236,C22+1,C22) -> 1 | D23: 32 | E23: =VLOOKUP(D23,[1]Hoja1!$C$2:$D$49697,2,0) -> CERVECERIA CUAUHTEMOC MOCTEZUMA SA DE CV | F23: CERVECERIA CUAUHTEMOC MOCTEZUMA SA DE CV | G23: 169 | H23: CEREMIX PLUS MG | I23: CERVEZA | J23: ROGELIO CURIEL | K23: 16.9 | L23: PRESUPUESTO | M23: {=INDEX(ACUMULADO!$J$5:$U$240,BD!B23,BD!C23)} -> 0 | N23: =IFERROR(O23/M23,0) -> 0 | O23: {=INDEX(ACUMULADO!$X$5:$AI$240,BD!B23,BD!C23)} -> 0
A24: 22 | B24: =IF(B23=236,1,B23+1) -> 22 | C24: =IF(B23=236,C23+1,C23) -> 1 | D24: 32 | E24: =VLOOKUP(D24,[1]Hoja1!$C$2:$D$49697,2,0) -> CERVECERIA CUAUHTEMOC MOCTEZUMA SA DE CV | F24: CERVECERIA CUAUHTEMOC MOCTEZUMA SA DE CV | G24: MP-0184 | H24: MATUREX PRO | I24: CERVEZA | J24: ROGELIO CURIEL | K24: 81.36 | L24: PRESUPUESTO | M24: {=INDEX(ACUMULADO!$J$5:$U$240,BD!B24,BD!C24)} -> 0 | N24: =IFERROR(O24/M24,0) -> 0 | O24: {=INDEX(ACUMULADO!$X$5:$AI$240,BD!B24,BD!C24)} -> 0
A25: 23 | B25: =IF(B24=236,1,B24+1) -> 23 | C25: =IF(B24=236,C24+1,C24) -> 1 | D25: 32 | E25: =VLOOKUP(D25,[1]Hoja1!$C$2:$D$49697,2,0) -> CERVECERIA CUAUHTEMOC MOCTEZUMA SA DE CV | F25: CERVECERIA CUAUHTEMOC MOCTEZUMA SA DE CV | G25: CON-0343 | H25: TERMAMYL SC DS CONTENEDOR 1200 KG | I25: CERVEZA | J25: ROGELIO CURIEL | K25: 12.98 | L25: PRESUPUESTO | M25: {=INDEX(ACUMULADO!$J$5:$U$240,BD!B25,BD!C25)} -> 0 | N25: =IFERROR(O25/M25,0) -> 0 | O25: {=INDEX(ACUMULADO!$X$5:$AI$240,BD!B25,BD!C25)} -> 0
A26: 24 | B26: =IF(B25=236,1,B25+1) -> 24 | C26: =IF(B25=236,C25+1,C25) -> 1 | D26: 33 | E26: =VLOOKUP(D26,[1]Hoja1!$C$2:$D$49697,2,0) -> CERVECERIA CUAUHTEMOC MOCTEZUMA SA DE CV | F26: CERVECERIA CUAUHTEMOC MOCTEZUMA SA DE CV | G26: MP-0268 | H26: ULTRAFLO PRIME | I26: CERVEZA | J26: ROGELIO CURIEL | K26: 28.78 | L26: PRESUPUESTO | M26: {=INDEX(ACUMULADO!$J$5:$U$240,BD!B26,BD!C26)} -> 660 | N26: =IFERROR(O26/M26,0) -> 28.78 | O26: {=INDEX(ACUMULADO!$X$5:$AI$240,BD!B26,BD!C26)} -> 18994.8
A27: 25 | B27: =IF(B26=236,1,B26+1) -> 25 | C27: =IF(B26=236,C26+1,C26) -> 1 | D27: 33 | E27: =VLOOKUP(D27,[1]Hoja1!$C$2:$D$49697,2,0) -> CERVECERIA CUAUHTEMOC MOCTEZUMA SA DE CV | F27: CERVECERIA CUAUHTEMOC MOCTEZUMA SA DE CV | G27: MP-0317 | H27: ATTENUZYME PRIME | I27: CERVEZA | J27: ROGELIO CURIEL | K27: 25.75 | L27: PRESUPUESTO | M27: {=INDEX(ACUMULADO!$J$5:$U$240,BD!B27,BD!C27)} -> 2500 | N27: =IFERROR(O27/M27,0) -> 25.75 | O27: {=INDEX(ACUMULADO!$X$5:$AI$240,BD!B27,BD!C27)} -> 64375
A28: 26 | B28: =IF(B27=236,1,B27+1) -> 26 | C28: =IF(B27=236,C27+1,C27) -> 1 | D28: 33 | E28: =VLOOKUP(D28,[1]Hoja1!$C$2:$D$49697,2,0) -> CERVECERIA CUAUHTEMOC MOCTEZUMA SA DE CV | F28: CERVECERIA CUAUHTEMOC MOCTEZUMA SA DE CV | G28: 169 | H28: CEREMIX PLUS MG | I28: CERVEZA | J28: ROGELIO CURIEL | K28: 16.9 | L28: PRESUPUESTO | M28: {=INDEX(ACUMULADO!$J$5:$U$240,BD!B28,BD!C28)} -> 1000 | N28: =IFERROR(O28/M28,0) -> 16.9 | O28: {=INDEX(ACUMULADO!$X$5:$AI$240,BD!B28,BD!C28)} -> 16900
A29: 27 | B29: =IF(B28=236,1,B28+1) -> 27 | C29: =IF(B28=236,C28+1,C28) -> 1 | D29: 33 | E29: =VLOOKUP(D29,[1]Hoja1!$C$2:$D$49697,2,0) -> CERVECERIA CUAUHTEMOC MOCTEZUMA SA DE CV | F29: CERVECERIA CUAUHTEMOC MOCTEZUMA SA DE CV | G29: MP-0184 | H29: MATUREX PRO | I29: CERVEZA | J29: ROGELIO CURIEL | K29: 81.36 | L29: PRESUPUESTO | M29: {=INDEX(ACUMULADO!$J$5:$U$240,BD!B29,BD!C29)} -> 900 | N29: =IFERROR(O29/M29,0) -> 81.36 | O29: {=INDEX(ACUMULADO!$X$5:$AI$240,BD!B29,BD!C29)} -> 73224
A30: 28 | B30: =IF(B29=236,1,B29+1) -> 28 | C30: =IF(B29=236,C29+1,C29) -> 1 | D30: 33 | E30: =VLOOKUP(D30,[1]Hoja1!$C$2:$D$49697,2,0) -> CERVECERIA CUAUHTEMOC MOCTEZUMA SA DE CV | F30: CERVECERIA CUAUHTEMOC MOCTEZUMA SA DE CV | G30: MP-0246 | H30: TERMAMYL SC 4X PORRON 25 KG | I30: CERVEZA | J30: ROGELIO CURIEL | K30: 12.73 | L30: PRESUPUESTO | M30: {=INDEX(ACUMULADO!$J$5:$U$240,BD!B30,BD!C30)} -> 400 | N30: =IFERROR(O30/M30,0) -> 12.73 | O30: {=INDEX(ACUMULADO!$X$5:$AI$240,BD!B30,BD!C30)} -> 5092
A31: 29 | B31: =IF(B30=236,1,B30+1) -> 29 | C31: =IF(B30=236,C30+1,C30) -> 1 | D31: 337 | E31: =VLOOKUP(D31,[1]Hoja1!$C$2:$D$49697,2,0) -> CERVECERIA CUAUHTEMOC MOCTEZUMA SA DE CV | F31: CERVECERIA CUAUHTEMOC MOCTEZUMA SA DE CV | G31: MP-0044 | H31: ULTRAFLO MAX CONTENEDOR | I31: CERVEZA | J31: ROGELIO CURIEL | K31: 26.54 | L31: PRESUPUESTO | M31: {=INDEX(ACUMULADO!$J$5:$U$240,BD!B31,BD!C31)} -> 0 | N31: =IFERROR(O31/M31,0) -> 0 | O31: {=INDEX(ACUMULADO!$X$5:$AI$240,BD!B31,BD!C31)} -> 0
A32: 30 | B32: =IF(B31=236,1,B31+1) -> 30 | C32: =IF(B31=236,C31+1,C31) -> 1 | D32: 337 | E32: =VLOOKUP(D32,[1]Hoja1!$C$2:$D$49697,2,0) -> CERVECERIA CUAUHTEMOC MOCTEZUMA SA DE CV | F32: CERVECERIA CUAUHTEMOC MOCTEZUMA SA DE CV | G32: MP-0316 | H32: ATTENUZYME PRIME CONTENEDOR | I32: CERVEZA | J32: ROGELIO CURIEL | K32: 25.75 | L32: PRESUPUESTO | M32: {=INDEX(ACUMULADO!$J$5:$U$240,BD!B32,BD!C32)} -> 0 | N32: =IFERROR(O32/M32,0) -> 0 | O32: {=INDEX(ACUMULADO!$X$5:$AI$240,BD!B32,BD!C32)} -> 0
A33: 31 | B33: =IF(B32=236,1,B32+1) -> 31 | C33: =IF(B32=236,C32+1,C32) -> 1 | D33: 337 | E33: =VLOOKUP(D33,[1]Hoja1!$C$2:$D$49697,2,0) -> CERVECERIA CUAUHTEMOC MOCTEZUMA SA DE CV | F33: CERVECERIA CUAUHTEMOC MOCTEZUMA SA DE CV | G33: 169 | H33: CEREMIX PLUS MG | I33: CERVEZA | J33: ROGELIO CURIEL | K33: 16.9 | L33: PRESUPUESTO | M33: {=INDEX(ACUMULADO!$J$5:$U$240,BD!B33,BD!C33)} -> 0 | N33: =IFERROR(O33/M33,0) -> 0 | O33: {=INDEX(ACUMULADO!$X$5:$AI$240,BD!B33,BD!C33)} -> 0
A34: 32 | B34: =IF(B33=236,1,B33+1) -> 32 | C34: =IF(B33=236,C33+1,C33) -> 1 | D34: 337 | E34: =VLOOKUP(D34,[1]Hoja1!$C$2:$D$49697,2,0) -> CERVECERIA CUAUHTEMOC MOCTEZUMA SA DE CV | F34: CERVECERIA CUAUHTEMOC MOCTEZUMA SA DE CV | G34: CON-0343 | H34: TERMAMYL SC DS CONTENEDOR 1200 KG | I34: CERVEZA | J34: ROGELIO CURIEL | K34: 12.98 | L34: PRESUPUESTO | M34: {=INDEX(ACUMULADO!$J$5:$U$240,BD!B34,BD!C34)} -> 0 | N34: =IFERROR(O34/M34,0) -> 0 | O34: {=INDEX(ACUMULADO!$X$5:$AI$240,BD!B34,BD!C34)} -> 0
A35: 33 | B35: =IF(B34=236,1,B34+1) -> 33 | C35: =IF(B34=236,C34+1,C34) -> 1 | D35: 342 | E35: =VLOOKUP(D35,[1]Hoja1!$C$2:$D$49697,2,0) -> RED STRIPE | F35: RED STRIPE | G35: MP-0184 | H35: MATUREX PRO | I35: CERVEZA | J35: ROGELIO CURIEL | K35: 81.36 | L35: PRESUPUESTO | M35: {=INDEX(ACUMULADO!$J$5:$U$240,BD!B35,BD!C35)} -> 0 | N35: =IFERROR(O35/M35,0) -> 0 | O35: {=INDEX(ACUMULADO!$X$5:$AI$240,BD!B35,BD!C35)} -> 0
A36: 34 | B36: =IF(B35=236,1,B35+1) -> 34 | C36: =IF(B35=236,C35+1,C35) -> 1 | D36: 393 | E36: =VLOOKUP(D36,[1]Hoja1!$C$2:$D$49697,2,0) -> CERVECERIA CUAUHTEMOC MOCTEZUMA SA DE CV | F36: CERVECERIA CUAUHTEMOC MOCTEZUMA SA DE CV | G36: MP-0268 | H36: ULTRAFLO PRIME | I36: CERVEZA | J36: ROGELIO CURIEL | K36: 28.78 | L36: PRESUPUESTO | M36: {=INDEX(ACUMULADO!$J$5:$U$240,BD!B36,BD!C36)} -> 1100 | N36: =IFERROR(O36/M36,0) -> 28.78 | O36: {=INDEX(ACUMULADO!$X$5:$AI$240,BD!B36,BD!C36)} -> 31658
A37: 35 | B37: =IF(B36=236,1,B36+1) -> 35 | C37: =IF(B36=236,C36+1,C36) -> 1 | D37: 436 | E37: =VLOOKUP(D37,[1]Hoja1!$C$2:$D$49697,2,0) -> CERVECERIA PANAMA, S.A. | F37: CERVECERIA PANAMA, S.A. | G37: MP-0184 | H37: MATUREX PRO | I37: CERVEZA | J37: ROGELIO CURIEL | K37: 81.36 | L37: PRESUPUESTO | M37: {=INDEX(ACUMULADO!$J$5:$U$240,BD!B37,BD!C37)} -> 40 | N37: =IFERROR(O37/M37,0) -> 81.36 | O37: {=INDEX(ACUMULADO!$X$5:$AI$240,BD!B37,BD!C37)} -> 3254.4
A38: 36 | B38: =IF(B37=236,1,B37+1) -> 36 | C38: =IF(B37=236,C37+1,C37) -> 1 | D38: 500 | E38: =VLOOKUP(D38,[1]Hoja1!$C$2:$D$49697,2,0) -> HEINEKEN PERU SAC | F38: HEINEKEN PERU SAC | G38: POR-0352 | H38: ULTRAFLO MAX | I38: CERVEZA | J38: ROGELIO CURIEL | K38: 26.54 | L38: PRESUPUESTO | M38: {=INDEX(ACUMULADO!$J$5:$U$240,BD!B38,BD!C38)} -> 0 | N38: =IFERROR(O38/M38,0) -> 0 | O38: {=INDEX(ACUMULADO!$X$5:$AI$240,BD!B38,BD!C38)} -> 0
A39: 37 | B39: =IF(B38=236,1,B38+1) -> 37 | C39: =IF(B38=236,C38+1,C38) -> 1 | D39: 500 | E39: =VLOOKUP(D39,[1]Hoja1!$C$2:$D$49697,2,0) -> HEINEKEN PERU SAC | F39: HEINEKEN PERU SAC | G39: MP-0066 | H39: ATTENUZYME PRO | I39: CERVEZA | J39: ROGELIO CURIEL | K39: 13.6 | L39: PRESUPUESTO | M39: {=INDEX(ACUMULADO!$J$5:$U$240,BD!B39,BD!C39)} -> 50 | N39: =IFERROR(O39/M39,0) -> 13.6 | O39: {=INDEX(ACUMULADO!$X$5:$AI$240,BD!B39,BD!C39)} -> 680
A40: 38 | B40: =IF(B39=236,1,B39+1) -> 38 | C40: =IF(B39=236,C39+1,C39) -> 1 | D40: 500 | E40: =VLOOKUP(D40,[1]Hoja1!$C$2:$D$49697,2,0) -> HEINEKEN PERU SAC | F40: HEINEKEN PERU SAC | G40: MP-0246 | H40: TERMAMYL SC 4X PORRON 25 KG | I40: CERVEZA | J40: ROGELIO CURIEL | K40: 12.73 | L40: PRESUPUESTO | M40: {=INDEX(ACUMULADO!$J$5:$U$240,BD!B40,BD!C40)} -> 0 | N40: =IFERROR(O40/M40,0) -> 0 | O40: {=INDEX(ACUMULADO!$X$5:$AI$240,BD!B40,BD!C40)} -> 0
A41: 39 | B41: =IF(B40=236,1,B40+1) -> 39 | C41: =IF(B40=236,C40+1,C40) -> 1 | D41: 392 | E41: =VLOOKUP(D41,[1]Hoja1!$C$2:$D$49697,2,0) -> CIH INTERNATIONAL, S.A.R.L. | F41: CI CERVEZA GmbH. | G41: CON-0066 | H41: ATTENUZYME PRO | I41: CERVEZA | J41: ROGELIO CURIEL | K41: 18.32 | L41: PRESUPUESTO | M41: {=INDEX(ACUMULADO!$J$5:$U$240,BD!B41,BD!C41)} -> 0 | N41: =IFERROR(O41/M41,0) -> 0 | O41: {=INDEX(ACUMULADO!$X$5:$AI$240,BD!B41,BD!C41)} -> 0
A42: 40 | B42: =IF(B41=236,1,B41+1) -> 40 | C42: =IF(B41=236,C41+1,C41) -> 1 | D42: 392 | E42: =VLOOKUP(D42,[1]Hoja1!$C$2:$D$49697,2,0) -> CIH INTERNATIONAL, S.A.R.L. | F42: CI CERVEZA GmbH. | G42: CON-0343 | H42: TERMAMYL SC DS/CONTENEDOR | I42: CERVEZA | J42: ROGELIO CURIEL | K42: 18.3 | L42: PRESUPUESTO | M42: {=INDEX(ACUMULADO!$J$5:$U$240,BD!B42,BD!C42)} -> 8400 | N42: =IFERROR(O42/M42,0) -> 18.3 | O42: {=INDEX(ACUMULADO!$X$5:$AI$240,BD!B42,BD!C42)} -> 153720
A43: 41 | B43: =IF(B42=236,1,B42+1) -> 41 | C43: =IF(B42=236,C42+1,C42) -> 1 | D43: 392 | E43: =VLOOKUP(D43,[1]Hoja1!$C$2:$D$49697,2,0) -> CIH INTERNATIONAL, S.A.R.L. | F43: CI CERVEZA GmbH. | G43: MP-0044 | H43: ULTRAFLO MAX/CONTENEDOR | I43: CERVEZA | J43: ROGELIO CURIEL | K43: 30.64 | L43: PRESUPUESTO | M43: {=INDEX(ACUMULADO!$J$5:$U$240,BD!B43,BD!C43)} -> 8000 | N43: =IFERROR(O43/M43,0) -> 30.64 | O43: {=INDEX(ACUMULADO!$X$5:$AI$240,BD!B43,BD!C43)} -> 245120
A44: 42 | B44: =IF(B43=236,1,B43+1) -> 42 | C44: =IF(B43=236,C43+1,C43) -> 1 | D44: 392 | E44: =VLOOKUP(D44,[1]Hoja1!$C$2:$D$49697,2,0) -> CIH INTERNATIONAL, S.A.R.L. | F44: CI CERVEZA GmbH. | G44: POR-0343 | H44: TERMAMYL SC DS PORRON 30 KG | I44: CERVEZA | J44: ROGELIO CURIEL | K44: 18.3 | L44: PRESUPUESTO | M44: {=INDEX(ACUMULADO!$J$5:$U$240,BD!B44,BD!C44)} -> 0 | N44: =IFERROR(O44/M44,0) -> 0 | O44: {=INDEX(ACUMULADO!$X$5:$AI$240,BD!B44,BD!C44)} -> 0
A45: 43 | B45: =IF(B44=236,1,B44+1) -> 43 | C45: =IF(B44=236,C44+1,C44) -> 1 | D45: 392 | E45: =VLOOKUP(D45,[1]Hoja1!$C$2:$D$49697,2,0) -> CIH INTERNATIONAL, S.A.R.L. | F45: CI CERVEZA GmbH. | G45: POR-0352 | H45: ULTRAFLO MAX | I45: CERVEZA | J45: ROGELIO CURIEL | K45: 30.64 | L45: PRESUPUESTO | M45: {=INDEX(ACUMULADO!$J$5:$U$240,BD!B45,BD!C45)} -> 0 | N45: =IFERROR(O45/M45,0) -> 0 | O45: {=INDEX(ACUMULADO!$X$5:$AI$240,BD!B45,BD!C45)} -> 0
A46: 44 | B46: =IF(B45=236,1,B45+1) -> 44 | C46: =IF(B45=236,C45+1,C45) -> 1 | D46: 232 | E46: =VLOOKUP(D46,[1]Hoja1!$C$2:$D$49697,2,0) -> BANKS (BARBADOS) BREWERIES LTD | F46: BANKS (BARBADOS) BREWERIES LTD | G46: 169 | H46: CEREMIX PLUS MG | I46: CERVEZA | J46: ROGELIO CURIEL | K46: 19.15 | L46: PRESUPUESTO | M46: {=INDEX(ACUMULADO!$J$5:$U$240,BD!B46,BD!C46)} -> 0 | N46: =IFERROR(O46/M46,0) -> 0 | O46: {=INDEX(ACUMULADO!$X$5:$AI$240,BD!B46,BD!C46)} -> 0
A47: 45 | B47: =IF(B46=236,1,B46+1) -> 45 | C47: =IF(B46=236,C46+1,C46) -> 1 | D47: 232 | E47: =VLOOKUP(D47,[1]Hoja1!$C$2:$D$49697,2,0) -> BANKS (BARBADOS) BREWERIES LTD | F47: BANKS (BARBADOS) BREWERIES LTD | G47: MP-0184 | H47: MATUREX PRO | I47: CERVEZA | J47: ROGELIO CURIEL | K47: 210 | L47: PRESUPUESTO | M47: {=INDEX(ACUMULADO!$J$5:$U$240,BD!B47,BD!C47)} -> 0 | N47: =IFERROR(O47/M47,0) -> 0 | O47: {=INDEX(ACUMULADO!$X$5:$AI$240,BD!B47,BD!C47)} -> 0
A48: 46 | B48: =IF(B47=236,1,B47+1) -> 46 | C48: =IF(B47=236,C47+1,C47) -> 1 | D48: 238 | E48: =VLOOKUP(D48,[1]Hoja1!$C$2:$D$49697,2,0) -> ANSA MCAL TRADING, INC. | F48: ANSA MCAL TRADING, INC. | G48: MP-0066 | H48: ATTENUZYME PRO | I48: CERVEZA | J48: ROGELIO CURIEL | K48: 32.52 | L48: PRESUPUESTO | M48: {=INDEX(ACUMULADO!$J$5:$U$240,BD!B48,BD!C48)} -> 0 | N48: =IFERROR(O48/M48,0) -> 0 | O48: {=INDEX(ACUMULADO!$X$5:$AI$240,BD!B48,BD!C48)} -> 0
A49: 47 | B49: =IF(B48=236,1,B48+1) -> 47 | C49: =IF(B48=236,C48+1,C48) -> 1 | D49: 238 | E49: =VLOOKUP(D49,[1]Hoja1!$C$2:$D$49697,2,0) -> ANSA MCAL TRADING, INC. | F49: ANSA MCAL TRADING, INC. | G49: POR-0352 | H49: ULTRAFLO MAX | I49: CERVEZA | J49: ROGELIO CURIEL | K49: 32.4 | L49: PRESUPUESTO | M49: {=INDEX(ACUMULADO!$J$5:$U$240,BD!B49,BD!C49)} -> 0 | N49: =IFERROR(O49/M49,0) -> 0 | O49: {=INDEX(ACUMULADO!$X$5:$AI$240,BD!B49,BD!C49)} -> 0
A50: 48 | B50: =IF(B49=236,1,B49+1) -> 48 | C50: =IF(B49=236,C49+1,C49) -> 1 | D50: 495 | E50: =VLOOKUP(D50,[1]Hoja1!$C$2:$D$49697,2,0) -> CERVECERIA CUBANA, SA | F50: CERVECERÍA CUBANA | G50: POR-0352 | H50: ULTRAFLO MAX | I50: CERVEZA | J50: ROGELIO CURIEL | K50: 32.45 | L50: PRESUPUESTO | M50: {=INDEX(ACUMULADO!$J$5:$U$240,BD!B50,BD!C50)} -> 0 | N50: =IFERROR(O50/M50,0) -> 0 | O50: {=INDEX(ACUMULADO!$X$5:$AI$240,BD!B50,BD!C50)} -> 0
A51: 49 | B51: =IF(B50=236,1,B50+1) -> 49 | C51: =IF(B50=236,C50+1,C50) -> 1 | D51: 429 | E51: =VLOOKUP(D51,[1]Hoja1!$C$2:$D$49697,2,0) -> CERVECERIA PRIMUS, S.A. DE C.V. | F51: CERVECERIA PRIMUS | G51: 169 | H51: CEREMIX PLUS MG | I51: CERVEZA | J51: ROGELIO CURIEL | K51: 16.9 | L51: PRESUPUESTO | M51: {=INDEX(ACUMULADO!$J$5:$U$240,BD!B51,BD!C51)} -> 0 | N51: =IFERROR(O51/M51,0) -> 0 | O51: {=INDEX(ACUMULADO!$X$5:$AI$240,BD!B51,BD!C51)} -> 0
A52: 50 | B52: =IF(B51=236,1,B51+1) -> 50 | C52: =IF(B51=236,C51+1,C51) -> 1 | D52: 429 | E52: =VLOOKUP(D52,[1]Hoja1!$C$2:$D$49697,2,0) -> CERVECERIA PRIMUS, S.A. DE C.V. | F52: CERVECERIA PRIMUS | G52: POR-0352 | H52: ULTRAFLO MAX | I52: CERVEZA | J52: ROGELIO CURIEL | K52: 26.54 | L52: PRESUPUESTO | M52: {=INDEX(ACUMULADO!$J$5:$U$240,BD!B52,BD!C52)} -> 0 | N52: =IFERROR(O52/M52,0) -> 0 | O52: {=INDEX(ACUMULADO!$X$5:$AI$240,BD!B52,BD!C52)} -> 0
A53: 51 | B53: =IF(B52=236,1,B52+1) -> 51 | C53: =IF(B52=236,C52+1,C52) -> 1 | D53: 429 | E53: =VLOOKUP(D53,[1]Hoja1!$C$2:$D$49697,2,0) -> CERVECERIA PRIMUS, S.A. DE C.V. | F53: CERVECERIA PRIMUS | G53: MP-0184 | H53: MATUREX PRO | I53: CERVEZA | J53: ROGELIO CURIEL | K53: 81.36 | L53: PRESUPUESTO | M53: {=INDEX(ACUMULADO!$J$5:$U$240,BD!B53,BD!C53)} -> 0 | N53: =IFERROR(O53/M53,0) -> 0 | O53: {=INDEX(ACUMULADO!$X$5:$AI$240,BD!B53,BD!C53)} -> 0
A54: 52 | B54: =IF(B53=236,1,B53+1) -> 52 | C54: =IF(B53=236,C53+1,C53) -> 1 | D54: 429 | E54: =VLOOKUP(D54,[1]Hoja1!$C$2:$D$49697,2,0) -> CERVECERIA PRIMUS, S.A. DE C.V. | F54: CERVECERIA PRIMUS | G54: MP-0305 | H54: POLYCLAR BREWBRITE | I54: CERVEZA | J54: ROGELIO CURIEL | K54: 68 | L54: PRESUPUESTO | M54: {=INDEX(ACUMULADO!$J$5:$U$240,BD!B54,BD!C54)} -> 0 | N54: =IFERROR(O54/M54,0) -> 0 | O54: {=INDEX(ACUMULADO!$X$5:$AI$240,BD!B54,BD!C54)} -> 0
A55: 53 | B55: =IF(B54=236,1,B54+1) -> 53 | C55: =IF(B54=236,C54+1,C54) -> 1 | D55: 523 | E55: =VLOOKUP(D55,[1]Hoja1!$C$2:$D$49697,2,0) -> COMPAÑIA CERVECERA HERCULES | F55: COMPAÑIA CERVECERA HERCULES | G55: RE-0045 | H55: BIOFLOW MAX | I55: CERVEZA | J55: ROGELIO CURIEL | K55: 42 | L55: PRESUPUESTO | M55: {=INDEX(ACUMULADO!$J$5:$U$240,BD!B55,BD!C55)} -> 25 | N55: =IFERROR(O55/M55,0) -> 42 | O55: {=INDEX(ACUMULADO!$X$5:$AI$240,BD!B55,BD!C55)} -> 1050
A56: 54 | B56: =IF(B55=236,1,B55+1) -> 54 | C56: =IF(B55=236,C55+1,C55) -> 1 | D56: 523 | E56: =VLOOKUP(D56,[1]Hoja1!$C$2:$D$49697,2,0) -> COMPAÑIA CERVECERA HERCULES | F56: COMPAÑIA CERVECERA HERCULES | G56: PT-0204 | H56: AMYL LIGHT PRO | I56: CERVEZA | J56: ROGELIO CURIEL | K56: 19.5 | L56: PRESUPUESTO | M56: {=INDEX(ACUMULADO!$J$5:$U$240,BD!B56,BD!C56)} -> 0 | N56: =IFERROR(O56/M56,0) -> 0 | O56: {=INDEX(ACUMULADO!$X$5:$AI$240,BD!B56,BD!C56)} -> 0
A57: 55 | B57: =IF(B56=236,1,B56+1) -> 55 | C57: =IF(B56=236,C56+1,C56) -> 1 | D57: 523 | E57: =VLOOKUP(D57,[1]Hoja1!$C$2:$D$49697,2,0) -> COMPAÑIA CERVECERA HERCULES | F57: COMPAÑIA CERVECERA HERCULES | G57: MP-0318 | H57: TETRALONE PG (1 KG) | I57: CERVEZA | J57: ROGELIO CURIEL | K57: 263 | L57: PRESUPUESTO | M57: {=INDEX(ACUMULADO!$J$5:$U$240,BD!B57,BD!C57)} -> 3 | N57: =IFERROR(O57/M57,0) -> 263 | O57: {=INDEX(ACUMULADO!$X$5:$AI$240,BD!B57,BD!C57)} -> 789
A58: 56 | B58: =IF(B57=236,1,B57+1) -> 56 | C58: =IF(B57=236,C57+1,C57) -> 1 | D58: 413 | E58: =VLOOKUP(D58,[1]Hoja1!$C$2:$D$49697,2,0) -> MALTAS E INSUMOS CERVECEROS S.A. DE C.V. | F58: MALTAS E INSUMOS CERVECEROS | G58: PT-0204 | H58: AMYL LIGHT PRO | I58: CERVEZA | J58: ROGELIO CURIEL | K58: 23.48 | L58: PRESUPUESTO | M58: {=INDEX(ACUMULADO!$J$5:$U$240,BD!B58,BD!C58)} -> 0 | N58: =IFERROR(O58/M58,0) -> 0 | O58: {=INDEX(ACUMULADO!$X$5:$AI$240,BD!B58,BD!C58)} -> 0
A59: 57 | B59: =IF(B58=236,1,B58+1) -> 57 | C59: =IF(B58=236,C58+1,C58) -> 1 | D59: 128 | E59: =VLOOKUP(D59,[1]Hoja1!$C$2:$D$49697,2,0) -> PRODUCTOS CURTIENTES SA DE CV | F59: PRODUCTOS CURTIENTES SA DE CV | G59: PT-0019 | H59: ENZIMA PCLIN | I59: CURTIDURIA | J59: ROGELIO CURIEL | K59: 14.83 | L59: PRESUPUESTO | M59: {=INDEX(ACUMULADO!$J$5:$U$240,BD!B59,BD!C59)} -> 0 | N59: =IFERROR(O59/M59,0) -> 0 | O59: {=INDEX(ACUMULADO!$X$5:$AI$240,BD!B59,BD!C59)} -> 0
A60: 58 | B60: =IF(B59=236,1,B59+1) -> 58 | C60: =IF(B59=236,C59+1,C59) -> 1 | D60: 128 | E60: =VLOOKUP(D60,[1]Hoja1!$C$2:$D$49697,2,0) -> PRODUCTOS CURTIENTES SA DE CV | F60: PRODUCTOS CURTIENTES SA DE CV | G60: PT-0018 | H60: BIOTEC LC-500 | I60: CURTIDURIA | J60: ROGELIO CURIEL | K60: 5.54 | L60: PRESUPUESTO | M60: {=INDEX(ACUMULADO!$J$5:$U$240,BD!B60,BD!C60)} -> 0 | N60: =IFERROR(O60/M60,0) -> 0 | O60: {=INDEX(ACUMULADO!$X$5:$AI$240,BD!B60,BD!C60)} -> 0
A61: 59 | B61: =IF(B60=236,1,B60+1) -> 59 | C61: =IF(B60=236,C60+1,C60) -> 1 | D61: 128 | E61: =VLOOKUP(D61,[1]Hoja1!$C$2:$D$49697,2,0) -> PRODUCTOS CURTIENTES SA DE CV | F61: PRODUCTOS CURTIENTES SA DE CV | G61: 128 | H61: BIOTEC WET | I61: CURTIDURIA | J61: ROGELIO CURIEL | K61: 2.92 | L61: PRESUPUESTO | M61: {=INDEX(ACUMULADO!$J$5:$U$240,BD!B61,BD!C61)} -> 0 | N61: =IFERROR(O61/M61,0) -> 0 | O61: {=INDEX(ACUMULADO!$X$5:$AI$240,BD!B61,BD!C61)} -> 0
A62: 60 | B62: =IF(B61=236,1,B61+1) -> 60 | C62: =IF(B61=236,C61+1,C61) -> 1 | D62: 128 | E62: =VLOOKUP(D62,[1]Hoja1!$C$2:$D$49697,2,0) -> PRODUCTOS CURTIENTES SA DE CV | F62: PRODUCTOS CURTIENTES SA DE CV | G62: PT-0022 | H62: ENZIMA PCA1 | I62: CURTIDURIA | J62: ROGELIO CURIEL | K62: 15.19 | L62: PRESUPUESTO | M62: {=INDEX(ACUMULADO!$J$5:$U$240,BD!B62,BD!C62)} -> 0 | N62: =IFERROR(O62/M62,0) -> 0 | O62: {=INDEX(ACUMULADO!$X$5:$AI$240,BD!B62,BD!C62)} -> 0
A63: 61 | B63: =IF(B62=236,1,B62+1) -> 61 | C63: =IF(B62=236,C62+1,C62) -> 1 | D63: 144 | E63: =VLOOKUP(D63,[1]Hoja1!$C$2:$D$49697,2,0) -> SUELAS WYNY SA DE CV | F63: SUELAS WYNY SA DE CV | G63: 128 | H63: BIOTEC WET | I63: CURTIDURIA | J63: ROGELIO CURIEL | K63: 2.59 | L63: PRESUPUESTO | M63: {=INDEX(ACUMULADO!$J$5:$U$240,BD!B63,BD!C63)} -> 3000 | N63: =IFERROR(O63/M63,0) -> 2.59 | O63: {=INDEX(ACUMULADO!$X$5:$AI$240,BD!B63,BD!C63)} -> 7770
A64: 62 | B64: =IF(B63=236,1,B63+1) -> 62 | C64: =IF(B63=236,C63+1,C63) -> 1 | D64: 184 | E64: =VLOOKUP(D64,[1]Hoja1!$C$2:$D$49697,2,0) -> CUEROMEX WET BLUE SA DE CV | F64: CUEROMEX WET BLUE SA DE CV | G64: 115 | H64: BIOTEC KL 25 | I64: CURTIDURIA | J64: ROGELIO CURIEL | K64: 16.83 | L64: PRESUPUESTO | M64: {=INDEX(ACUMULADO!$J$5:$U$240,BD!B64,BD!C64)} -> 400 | N64: =IFERROR(O64/M64,0) -> 16.83 | O64: {=INDEX(ACUMULADO!$X$5:$AI$240,BD!B64,BD!C64)} -> 6732
A65: 63 | B65: =IF(B64=236,1,B64+1) -> 63 | C65: =IF(B64=236,C64+1,C64) -> 1 | D65: 184 | E65: =VLOOKUP(D65,[1]Hoja1!$C$2:$D$49697,2,0) -> CUEROMEX WET BLUE SA DE CV | F65: CUEROMEX WET BLUE SA DE CV | G65: 115 | H65: BIOTEC BAT W | I65: CURTIDURIA | J65: ROGELIO CURIEL | K65: 1.49 | L65: PRESUPUESTO | M65: {=INDEX(ACUMULADO!$J$5:$U$240,BD!B65,BD!C65)} -> 175 | N65: =IFERROR(O65/M65,0) -> 1.49 | O65: {=INDEX(ACUMULADO!$X$5:$AI$240,BD!B65,BD!C65)} -> 260.75
A66: 64 | B66: =IF(B65=236,1,B65+1) -> 64 | C66: =IF(B65=236,C65+1,C65) -> 1 | D66: 193 | E66: =VLOOKUP(D66,[1]Hoja1!$C$2:$D$49697,2,0) -> CURFIMEX SA DE CV | F66: CURFIMEX SA DE CV | G66: 126 | H66: BIOTEC RG002 | I66: CURTIDURIA | J66: ROGELIO CURIEL | K66: 36.05 | L66: PRESUPUESTO | M66: {=INDEX(ACUMULADO!$J$5:$U$240,BD!B66,BD!C66)} -> 0 | N66: =IFERROR(O66/M66,0) -> 0 | O66: {=INDEX(ACUMULADO!$X$5:$AI$240,BD!B66,BD!C66)} -> 0
A67: 65 | B67: =IF(B66=236,1,B66+1) -> 65 | C67: =IF(B66=236,C66+1,C66) -> 1 | D67: 202 | E67: =VLOOKUP(D67,[1]Hoja1!$C$2:$D$49697,2,0) -> CURTIDOS TREVIÑO SA DE CV | F67: CURTIDOS TREVIÑO SA DE CV | G67: MP-0013 | H67: NOVOBATE WB | I67: CURTIDURIA | J67: ROGELIO CURIEL | K67: 71.58 | L67: PRESUPUESTO | M67: {=INDEX(ACUMULADO!$J$5:$U$240,BD!B67,BD!C67)} -> 0 | N67: =IFERROR(O67/M67,0) -> 0 | O67: {=INDEX(ACUMULADO!$X$5:$AI$240,BD!B67,BD!C67)} -> 0
A68: 66 | B68: =IF(B67=236,1,B67+1) -> 66 | C68: =IF(B67=236,C67+1,C67) -> 1 | D68: 165 | E68: =VLOOKUP(D68,[1]Hoja1!$C$2:$D$49697,2,0) -> EL PEQUEÑO CURTIDOR DE LEON, S.A. DE C.V. | F68: EL PEQUEÑO CURTIDOR DE LEÓN | G68: PT-0056 | H68: BIOTEC AMIL S | I68: CURTIDURIA | J68: ROGELIO CURIEL | K68: 4.15 | L68: PRESUPUESTO | M68: {=INDEX(ACUMULADO!$J$5:$U$240,BD!B68,BD!C68)} -> 0 | N68: =IFERROR(O68/M68,0) -> 0 | O68: {=INDEX(ACUMULADO!$X$5:$AI$240,BD!B68,BD!C68)} -> 0
A69: 67 | B69: =IF(B68=236,1,B68+1) -> 67 | C69: =IF(B68=236,C68+1,C68) -> 1 | D69: 420 | E69: =VLOOKUP(D69,[1]Hoja1!$C$2:$D$49697,2,0) -> PIELES SANTORO, S.A. DE C.V. | F69: PIELES SANTORO, S.A. DE C.V. | G69: 115 | H69: BIOTEC PL | I69: CURTIDURIA | J69: ROGELIO CURIEL | K69: 3.08 | L69: PRESUPUESTO | M69: {=INDEX(ACUMULADO!$J$5:$U$240,BD!B69,BD!C69)} -> 0 | N69: =IFERROR(O69/M69,0) -> 0 | O69: {=INDEX(ACUMULADO!$X$5:$AI$240,BD!B69,BD!C69)} -> 0
A70: 68 | B70: =IF(B69=236,1,B69+1) -> 68 | C70: =IF(B69=236,C69+1,C69) -> 1 | D70: 420 | E70: =VLOOKUP(D70,[1]Hoja1!$C$2:$D$49697,2,0) -> PIELES SANTORO, S.A. DE C.V. | F70: PIELES SANTORO, S.A. DE C.V. | G70: PT-0211 | H70: BIOTEC BAC MF | I70: CURTIDURIA | J70: ROGELIO CURIEL | K70: 1.55 | L70: PRESUPUESTO | M70: {=INDEX(ACUMULADO!$J$5:$U$240,BD!B70,BD!C70)} -> 0 | N70: =IFERROR(O70/M70,0) -> 0 | O70: {=INDEX(ACUMULADO!$X$5:$AI$240,BD!B70,BD!C70)} -> 0
A71: 69 | B71: =IF(B70=236,1,B70+1) -> 69 | C71: =IF(B70=236,C70+1,C70) -> 1 | D71: 389 | E71: =VLOOKUP(D71,[1]Hoja1!$C$2:$D$49697,2,0) -> QUIMICOS VEMONT, S. DE R.L. DE C.V. | F71: QUÍMICOS QURTEC | G71: PT-0258 | H71: BIOSYN DP | I71: CURTIDURIA | J71: ROGELIO CURIEL | K71: 2.78 | L71: PRESUPUESTO | M71: {=INDEX(ACUMULADO!$J$5:$U$240,BD!B71,BD!C71)} -> 0 | N71: =IFERROR(O71/M71,0) -> 0 | O71: {=INDEX(ACUMULADO!$X$5:$AI$240,BD!B71,BD!C71)} -> 0
A72: 70 | B72: =IF(B71=236,1,B71+1) -> 70 | C72: =IF(B71=236,C71+1,C71) -> 1 | D72: 16 | E72: =VLOOKUP(D72,[1]Hoja1!$C$2:$D$49697,2,0) -> AZTECA MILLING, LP | F72: AZTECA MILLING, LP | G72: 138 | H72: BIOZYME GMA PLUS | I72: TORTILLA | J72: ROGELIO CURIEL | K72: 4.18 | L72: PRESUPUESTO | M72: {=INDEX(ACUMULADO!$J$5:$U$240,BD!B72,BD!C72)} -> 1000 | N72: =IFERROR(O72/M72,0) -> 4.18 | O72: {=INDEX(ACUMULADO!$X$5:$AI$240,BD!B72,BD!C72)} -> 4180
A73: 71 | B73: =IF(B72=236,1,B72+1) -> 71 | C73: =IF(B72=236,C72+1,C72) -> 1 | D73: 112 | E73: =VLOOKUP(D73,[1]Hoja1!$C$2:$D$49697,2,0) -> GRUMA | F73: MOLINOS AZTECA DE VERACRUZ | G73: RE-0002 | H73: NS27047 | I73: TORTILLA | J73: ROGELIO CURIEL | K73: 173.1 | L73: PRESUPUESTO | M73: {=INDEX(ACUMULADO!$J$5:$U$240,BD!B73,BD!C73)} -> 20 | N73: =IFERROR(O73/M73,0) -> 173.1 | O73: {=INDEX(ACUMULADO!$X$5:$AI$240,BD!B73,BD!C73)} -> 3462
A74: 72 | B74: =IF(B73=236,1,B73+1) -> 72 | C74: =IF(B73=236,C73+1,C73) -> 1 | D74: 113 | E74: =VLOOKUP(D74,[1]Hoja1!$C$2:$D$49697,2,0) -> GRUMA | F74: MOLINOS AZTECA DE CHALCO SA DE CV | G74: RE-0002 | H74: NS27047 | I74: TORTILLA | J74: ROGELIO CURIEL | K74: 173.1 | L74: PRESUPUESTO | M74: {=INDEX(ACUMULADO!$J$5:$U$240,BD!B74,BD!C74)} -> 0 | N74: =IFERROR(O74/M74,0) -> 0 | O74: {=INDEX(ACUMULADO!$X$5:$AI$240,BD!B74,BD!C74)} -> 0
A75: 73 | B75: =IF(B74=236,1,B74+1) -> 73 | C75: =IF(B74=236,C74+1,C74) -> 1 | D75: 100 | E75: =VLOOKUP(D75,[1]Hoja1!$C$2:$D$49697,2,0) -> MANUFACTURAS KALTEX SA DE CV | F75: MANUFACTURAS KALTEX SA DE CV | G75: 0056 | H75: BIOLITE CONC | I75: TEXTIL | J75: ROGELIO CURIEL | K75: 21.65 | L75: PRESUPUESTO | M75: {=INDEX(ACUMULADO!$J$5:$U$240,BD!B75,BD!C75)} -> 0 | N75: =IFERROR(O75/M75,0) -> 0 | O75: {=INDEX(ACUMULADO!$X$5:$AI$240,BD!B75,BD!C75)} -> 0
A76: 74 | B76: =IF(B75=236,1,B75+1) -> 74 | C76: =IF(B75=236,C75+1,C75) -> 1 | D76: 100 | E76: =VLOOKUP(D76,[1]Hoja1!$C$2:$D$49697,2,0) -> MANUFACTURAS KALTEX SA DE CV | F76: MANUFACTURAS KALTEX SA DE CV | G76: 0079 | H76: BIOSTONE 350 HBA | I76: TEXTIL | J76: ROGELIO CURIEL | K76: 4.02 | L76: PRESUPUESTO | M76: {=INDEX(ACUMULADO!$J$5:$U$240,BD!B76,BD!C76)} -> 0 | N76: =IFERROR(O76/M76,0) -> 0 | O76: {=INDEX(ACUMULADO!$X$5:$AI$240,BD!B76,BD!C76)} -> 0
A77: 75 | B77: =IF(B76=236,1,B76+1) -> 75 | C77: =IF(B76=236,C76+1,C76) -> 1 | D77: 53 | E77: =VLOOKUP(D77,[1]Hoja1!$C$2:$D$49697,2,0) -> DINCO DEL NORTE SA DE CV | F77: DINCO DEL NORTE SA DE CV | G77: MP-0227 | H77: BIOREMOVE FOG BOOST | I77: BACTERIAS | J77: ROGELIO CURIEL | K77: 263.17 | L77: PRESUPUESTO | M77: {=INDEX(ACUMULADO!$J$5:$U$240,BD!B77,BD!C77)} -> 0 | N77: =IFERROR(O77/M77,0) -> 0 | O77: {=INDEX(ACUMULADO!$X$5:$AI$240,BD!B77,BD!C77)} -> 0
A78: 76 | B78: =IF(B77=236,1,B77+1) -> 76 | C78: =IF(B77=236,C77+1,C77) -> 1 | D78: 53 | E78: =VLOOKUP(D78,[1]Hoja1!$C$2:$D$49697,2,0) -> DINCO DEL NORTE SA DE CV | F78: DINCO DEL NORTE SA DE CV | G78: MP-0226 | H78: BIOREMOVE COD | I78: BACTERIAS | J78: ROGELIO CURIEL | K78: 444.45 | L78: PRESUPUESTO | M78: {=INDEX(ACUMULADO!$J$5:$U$240,BD!B78,BD!C78)} -> 0 | N78: =IFERROR(O78/M78,0) -> 0 | O78: {=INDEX(ACUMULADO!$X$5:$AI$240,BD!B78,BD!C78)} -> 0
A79: 77 | B79: =IF(B78=236,1,B78+1) -> 77 | C79: =IF(B78=236,C78+1,C78) -> 1 | D79: 53 | E79: =VLOOKUP(D79,[1]Hoja1!$C$2:$D$49697,2,0) -> DINCO DEL NORTE SA DE CV | F79: DINCO DEL NORTE SA DE CV | G79: MP-0190 | H79: ODOR CAP 5115 | I79: BACTERIAS | J79: ROGELIO CURIEL | K79: 146.26 | L79: PRESUPUESTO | M79: {=INDEX(ACUMULADO!$J$5:$U$240,BD!B79,BD!C79)} -> 0 | N79: =IFERROR(O79/M79,0) -> 0 | O79: {=INDEX(ACUMULADO!$X$5:$AI$240,BD!B79,BD!C79)} -> 0
A80: 78 | B80: =IF(B79=236,1,B79+1) -> 78 | C80: =IF(B79=236,C79+1,C79) -> 1 | D80: 53 | E80: =VLOOKUP(D80,[1]Hoja1!$C$2:$D$49697,2,0) -> DINCO DEL NORTE SA DE CV | F80: DINCO DEL NORTE SA DE CV | G80: MP-0188 LT | H80: BACT CONCENTRATE 2000 | I80: BACTERIAS | J80: ROGELIO CURIEL | K80: 857.48 | L80: PRESUPUESTO | M80: {=INDEX(ACUMULADO!$J$5:$U$240,BD!B80,BD!C80)} -> 0 | N80: =IFERROR(O80/M80,0) -> 0 | O80: {=INDEX(ACUMULADO!$X$5:$AI$240,BD!B80,BD!C80)} -> 0
A81: 79 | B81: =IF(B80=236,1,B80+1) -> 79 | C81: =IF(B80=236,C80+1,C80) -> 1 | D81: 527 | E81: =VLOOKUP(D81,[1]Hoja1!$C$2:$D$49697,2,0) -> PICSA DE MEXICO INTERNACIONAL | F81: PICSA DE MEXICO INTERNACIONAL | G81: 17 | H81: AMILSOFT 1500 | I81: PAN | J81: ROGELIO CURIEL | K81: 78 | L81: PRESUPUESTO | M81: {=INDEX(ACUMULADO!$J$5:$U$240,BD!B81,BD!C81)} -> 0 | N81: =IFERROR(O81/M81,0) -> 0 | O81: {=INDEX(ACUMULADO!$X$5:$AI$240,BD!B81,BD!C81)} -> 0
A82: 80 | B82: =IF(B81=236,1,B81+1) -> 80 | C82: =IF(B81=236,C81+1,C81) -> 1 | D82: 28 | E82: =VLOOKUP(D82,[1]Hoja1!$C$2:$D$49697,2,0) -> CERVECERIA CUAUHTEMOC MOCTEZUMA SA DE CV | F82: CERVECERIA CUAUHTEMOC MOCTEZUMA SA DE CV | G82: 0 | H82: LUMISTA GOLD PR | I82: CERVEZA | J82: ROGELIO CURIEL | K82: 38.56 | L82: PROSPECTO | M82: {=INDEX(ACUMULADO!$J$5:$U$240,BD!B82,BD!C82)} -> 0 | N82: =IFERROR(O82/M82,0) -> 0 | O82: {=INDEX(ACUMULADO!$X$5:$AI$240,BD!B82,BD!C82)} -> 0
A83: 81 | B83: =IF(B82=236,1,B82+1) -> 81 | C83: =IF(B82=236,C82+1,C82) -> 1 | D83: 28 | E83: =VLOOKUP(D83,[1]Hoja1!$C$2:$D$49697,2,0) -> CERVECERIA CUAUHTEMOC MOCTEZUMA SA DE CV | F83: CERVECERIA CUAUHTEMOC MOCTEZUMA SA DE CV | G83: 0 | H83: LUMISTA GOLD PR | I83: CERVEZA | J83: ROGELIO CURIEL | K83: 38.56 | L83: PROSPECTO | M83: {=INDEX(ACUMULADO!$J$5:$U$240,BD!B83,BD!C83)} -> 600 | N83: =IFERROR(O83/M83,0) -> 38.56 | O83: {=INDEX(ACUMULADO!$X$5:$AI$240,BD!B83,BD!C83)} -> 23136
A84: 82 | B84: =IF(B83=236,1,B83+1) -> 82 | C84: =IF(B83=236,C83+1,C83) -> 1 | D84: 31 | E84: =VLOOKUP(D84,[1]Hoja1!$C$2:$D$49697,2,0) -> CERVECERIA CUAUHTEMOC MOCTEZUMA SA DE CV | F84: CERVECERIA CUAUHTEMOC MOCTEZUMA SA DE CV | G84: 0 | H84: LUMISTA GOLD PR | I84: CERVEZA | J84: ROGELIO CURIEL | K84: 38.56 | L84: PROSPECTO | M84: {=INDEX(ACUMULADO!$J$5:$U$240,BD!B84,BD!C84)} -> 0 | N84: =IFERROR(O84/M84,0) -> 0 | O84: {=INDEX(ACUMULADO!$X$5:$AI$240,BD!B84,BD!C84)} -> 0
A85: 83 | B85: =IF(B84=236,1,B84+1) -> 83 | C85: =IF(B84=236,C84+1,C84) -> 1 | D85: 33 | E85: =VLOOKUP(D85,[1]Hoja1!$C$2:$D$49697,2,0) -> CERVECERIA CUAUHTEMOC MOCTEZUMA SA DE CV | F85: CERVECERIA CUAUHTEMOC MOCTEZUMA SA DE CV | G85: 0 | H85: LUMISTA GOLD PR | I85: CERVEZA | J85: ROGELIO CURIEL | K85: 38.56 | L85: PROSPECTO | M85: {=INDEX(ACUMULADO!$J$5:$U$240,BD!B85,BD!C85)} -> 0 | N85: =IFERROR(O85/M85,0) -> 0 | O85: {=INDEX(ACUMULADO!$X$5:$AI$240,BD!B85,BD!C85)} -> 0
A86: 84 | B86: =IF(B85=236,1,B85+1) -> 84 | C86: =IF(B85=236,C85+1,C85) -> 1 | D86: 33 | E86: =VLOOKUP(D86,[1]Hoja1!$C$2:$D$49697,2,0) -> CERVECERIA CUAUHTEMOC MOCTEZUMA SA DE CV | F86: CERVECERIA CUAUHTEMOC MOCTEZUMA SA DE CV | G86: 0 | H86: LUMISTA GOLD PR | I86: CERVEZA | J86: ROGELIO CURIEL | K86: 38.56 | L86: PROSPECTO | M86: {=INDEX(ACUMULADO!$J$5:$U$240,BD!B86,BD!C86)} -> 0 | N86: =IFERROR(O86/M86,0) -> 0 | O86: {=INDEX(ACUMULADO!$X$5:$AI$240,BD!B86,BD!C86)} -> 0
A87: 85 | B87: =IF(B86=236,1,B86+1) -> 85 | C87: =IF(B86=236,C86+1,C86) -> 1 | D87: 393 | E87: =VLOOKUP(D87,[1]Hoja1!$C$2:$D$49697,2,0) -> CERVECERIA CUAUHTEMOC MOCTEZUMA SA DE CV | F87: CERVECERIA CUAUHTEMOC MOCTEZUMA SA DE CV | G87: 0 | H87: F6 | I87: CERVEZA | J87: ROGELIO CURIEL | K87: 28 | L87: PROSPECTO | M87: {=INDEX(ACUMULADO!$J$5:$U$240,BD!B87,BD!C87)} -> 0 | N87: =IFERROR(O87/M87,0) -> 0 | O87: {=INDEX(ACUMULADO!$X$5:$AI$240,BD!B87,BD!C87)} -> 0
A88: 86 | B88: =IF(B87=236,1,B87+1) -> 86 | C88: =IF(B87=236,C87+1,C87) -> 1 | D88: 436 | E88: =VLOOKUP(D88,[1]Hoja1!$C$2:$D$49697,2,0) -> CERVECERIA PANAMA, S.A. | F88: CERVECERIA PANAMA, S.A. | G88: 0 | H88: LUMISTA GOLD PR | I88: CERVEZA | J88: ROGELIO CURIEL | K88: 38.56 | L88: PROSPECTO | M88: {=INDEX(ACUMULADO!$J$5:$U$240,BD!B88,BD!C88)} -> 0 | N88: =IFERROR(O88/M88,0) -> 0 | O88: {=INDEX(ACUMULADO!$X$5:$AI$240,BD!B88,BD!C88)} -> 0
A89: 87 | B89: =IF(B88=236,1,B88+1) -> 87 | C89: =IF(B88=236,C88+1,C88) -> 1 | D89: 392 | E89: =VLOOKUP(D89,[1]Hoja1!$C$2:$D$49697,2,0) -> CIH INTERNATIONAL, S.A.R.L. | F89: CI CERVEZA GmbH. | G89: 0 | H89: LUMISTA GOLD PR | I89: CERVEZA | J89: ROGELIO CURIEL | K89: 55.85 | L89: PROSPECTO | M89: {=INDEX(ACUMULADO!$J$5:$U$240,BD!B89,BD!C89)} -> 0 | N89: =IFERROR(O89/M89,0) -> 0 | O89: {=INDEX(ACUMULADO!$X$5:$AI$240,BD!B89,BD!C89)} -> 0
A90: 88 | B90: =IF(B89=236,1,B89+1) -> 88 | C90: =IF(B89=236,C89+1,C89) -> 1 | D90: 0 | E90: =+F90 -> MALT EUROPE | F90: MALT EUROPE | G90: 0 | H90: BIOFLOW MAX | I90: CERVEZA | J90: ROGELIO CURIEL | K90: 30 | L90: PROSPECTO | M90: {=INDEX(ACUMULADO!$J$5:$U$240,BD!B90,BD!C90)} -> 0 | N90: =IFERROR(O90/M90,0) -> 0 | O90: {=INDEX(ACUMULADO!$X$5:$AI$240,BD!B90,BD!C90)} -> 0
A91: 89 | B91: =IF(B90=236,1,B90+1) -> 89 | C91: =IF(B90=236,C90+1,C90) -> 1 | D91: 0 | E91: =+F91 -> KALSEC | F91: KALSEC | G91: 0 | H91: POR DEFINIR | I91: CERVEZA | J91: ROGELIO CURIEL | K91: 88.3 | L91: PROSPECTO | M91: {=INDEX(ACUMULADO!$J$5:$U$240,BD!B91,BD!C91)} -> 0 | N91: =IFERROR(O91/M91,0) -> 0 | O91: {=INDEX(ACUMULADO!$X$5:$AI$240,BD!B91,BD!C91)} -> 0
A92: 90 | B92: =IF(B91=236,1,B91+1) -> 90 | C92: =IF(B91=236,C91+1,C91) -> 1 | D92: 393 | E92: =VLOOKUP(D92,[1]Hoja1!$C$2:$D$49697,2,0) -> CERVECERIA CUAUHTEMOC MOCTEZUMA SA DE CV | F92: CERVECERIA CUAUHTEMOC MOCTEZUMA SA DE CV | G92: MP-0226 | H92: BIOREMOVE COD | I92: BACTERIAS | J92: ROGELIO CURIEL | K92: 444.45 | L92: PROSPECTO | M92: {=INDEX(ACUMULADO!$J$5:$U$240,BD!B92,BD!C92)} -> 2 | N92: =IFERROR(O92/M92,0) -> 444.45 | O92: {=INDEX(ACUMULADO!$X$5:$AI$240,BD!B92,BD!C92)} -> 888.9
A93: 91 | B93: =IF(B92=236,1,B92+1) -> 91 | C93: =IF(B92=236,C92+1,C92) -> 1 | D93: 0 | E93: =+F93 -> CERVECERIA CUAUHTEMOC MOCTEZUMA SA DE CV | F93: CERVECERIA CUAUHTEMOC MOCTEZUMA SA DE CV | G93: MP-0226 | H93: BIOREMOVE COD | I93: BACTERIAS | J93: ROGELIO CURIEL | K93: 444.45 | L93: PROSPECTO | M93: {=INDEX(ACUMULADO!$J$5:$U$240,BD!B93,BD!C93)} -> 0 | N93: =IFERROR(O93/M93,0) -> 0 | O93: {=INDEX(ACUMULADO!$X$5:$AI$240,BD!B93,BD!C93)} -> 0
A94: 92 | B94: =IF(B93=236,1,B93+1) -> 92 | C94: =IF(B93=236,C93+1,C93) -> 1 | D94: 0 | E94: =+F94 -> MOLINOS AZTECA | F94: MOLINOS AZTECA | G94: MP-0226 | H94: BIOREMOVE COD | I94: BACTERIAS | J94: ROGELIO CURIEL | K94: 444.1 | L94: PROSPECTO | M94: {=INDEX(ACUMULADO!$J$5:$U$240,BD!B94,BD!C94)} -> 0 | N94: =IFERROR(O94/M94,0) -> 0 | O94: {=INDEX(ACUMULADO!$X$5:$AI$240,BD!B94,BD!C94)} -> 0
A95: 93 | B95: =IF(B94=236,1,B94+1) -> 93 | C95: =IF(B94=236,C94+1,C94) -> 1 | D95: 0 | E95: =+F95 -> MOLINOS AZTECA | F95: MOLINOS AZTECA | G95: 0 | H95: BGMAX 3000 | I95: BACTERIAS | J95: ROGELIO CURIEL | K95: 654 | L95: PROSPECTO | M95: {=INDEX(ACUMULADO!$J$5:$U$240,BD!B95,BD!C95)} -> 0 | N95: =IFERROR(O95/M95,0) -> 0 | O95: {=INDEX(ACUMULADO!$X$5:$AI$240,BD!B95,BD!C95)} -> 0
A96: 94 | B96: =IF(B95=236,1,B95+1) -> 94 | C96: =IF(B95=236,C95+1,C95) -> 1 | D96: 0 | E96: =+F96 -> MOLINOS AZTECA | F96: MOLINOS AZTECA | G96: 0 | H96: BIOREMOVE FOG BOOST | I96: BACTERIAS | J96: ROGELIO CURIEL | K96: 390 | L96: PROSPECTO | M96: {=INDEX(ACUMULADO!$J$5:$U$240,BD!B96,BD!C96)} -> 2 | N96: =IFERROR(O96/M96,0) -> 390 | O96: {=INDEX(ACUMULADO!$X$5:$AI$240,BD!B96,BD!C96)} -> 780
A97: 95 | B97: =IF(B96=236,1,B96+1) -> 95 | C97: =IF(B96=236,C96+1,C96) -> 1 | D97: 0 | E97: =+F97 -> MOLINOS AZTECA | F97: MOLINOS AZTECA | G97: 0 | H97: BIOQUICK 5140 | I97: BACTERIAS | J97: ROGELIO CURIEL | K97: 250 | L97: PROSPECTO | M97: {=INDEX(ACUMULADO!$J$5:$U$240,BD!B97,BD!C97)} -> 2 | N97: =IFERROR(O97/M97,0) -> 250 | O97: {=INDEX(ACUMULADO!$X$5:$AI$240,BD!B97,BD!C97)} -> 500
A98: 96 | B98: =IF(B97=236,1,B97+1) -> 96 | C98: =IF(B97=236,C97+1,C97) -> 1 | D98: 144 | E98: =VLOOKUP(D98,[1]Hoja1!$C$2:$D$49697,2,0) -> SUELAS WYNY SA DE CV | F98: SUELAS WYNY SA DE CV | G98: 122 | H98: BIOTEC PL | I98: CURTIDURIA | J98: ROGELIO CURIEL | K98: 2.85 | L98: PROSPECTO | M98: {=INDEX(ACUMULADO!$J$5:$U$240,BD!B98,BD!C98)} -> 0 | N98: =IFERROR(O98/M98,0) -> 0 | O98: {=INDEX(ACUMULADO!$X$5:$AI$240,BD!B98,BD!C98)} -> 0
A99: 97 | B99: =IF(B98=236,1,B98+1) -> 97 | C99: =IF(B98=236,C98+1,C98) -> 1 | D99: 389 | E99: =VLOOKUP(D99,[1]Hoja1!$C$2:$D$49697,2,0) -> QUIMICOS VEMONT, S. DE R.L. DE C.V. | F99: QUÍMICOS VEMONT | G99: PT-0210 | H99: BIOTEC RB PLUS | I99: CURTIDURIA | J99: ROGELIO CURIEL | K99: 38.88 | L99: PROSPECTO | M99: {=INDEX(ACUMULADO!$J$5:$U$240,BD!B99,BD!C99)} -> 0 | N99: =IFERROR(O99/M99,0) -> 0 | O99: {=INDEX(ACUMULADO!$X$5:$AI$240,BD!B99,BD!C99)} -> 0
A100: 98 | B100: =IF(B99=236,1,B99+1) -> 98 | C100: =IF(B99=236,C99+1,C99) -> 1 | D100: 0 | E100: =+F100 -> QUÍMICA SCHNEIDER | F100: QUÍMICA SCHNEIDER | G100: 0 | H100: BIOPROT AL 2.4L | I100: CURTIDURIA | J100: ROGELIO CURIEL | K100: 24 | L100: PROSPECTO | M100: {=INDEX(ACUMULADO!$J$5:$U$240,BD!B100,BD!C100)} -> 0 | N100: =IFERROR(O100/M100,0) -> 0 | O100: {=INDEX(ACUMULADO!$X$5:$AI$240,BD!B100,BD!C100)} -> 0
A101: 99 | B101: =IF(B100=236,1,B100+1) -> 99 | C101: =IF(B100=236,C100+1,C100) -> 1 | D101: 527 | E101: =VLOOKUP(D101,[1]Hoja1!$C$2:$D$49697,2,0) -> PICSA DE MEXICO INTERNACIONAL | F101: PICSA DE MEXICO INTERNACIONAL | G101: 0 | H101: BIOHEMIZYME PANZ | I101: PAN | J101: ROGELIO CURIEL | K101: 60 | L101: PROSPECTO | M101: {=INDEX(ACUMULADO!$J$5:$U$240,BD!B101,BD!C101)} -> 0 | N101: =IFERROR(O101/M101,0) -> 0 | O101: {=INDEX(ACUMULADO!$X$5:$AI$240,BD!B101,BD!C101)} -> 0
...

Sheet ACUMULADO
A4: CODIGO | B4: CLAVE | C4: NOMBRE DEL CLIENTE | D4: CLAVE DEL PRODUCTO SKU | E4: PRODUCTO | F4: AREA | G4: VENDEDOR | H4: PRECIO UNITARIO EN DÓLARES | I4: TIPO | J4: ENERO | K4: FEBRERO | L4: MARZO | M4: ABRIL | N4: MAYO | O4: JUNIO | P4: JULIO | Q4: AGOSTO | R4: SEPTIEMBRE | S4: OCTUBRE | T4: NOVIEMBRE | U4: DICIEMBRE | V4: TOTAL | X4: ENERO | Y4: FEBRERO | Z4: MARZO | AA4: ABRIL | AB4: MAYO | AC4: JUNIO | AD4: JULIO | AE4: AGOSTO | AF4: SEPTIEMBRE | AG4: OCTUBRE | AH4: NOVIEMBRE | AI4: DICIEMBRE | AJ4: TOTAL
A5: 1 | B5: 28 | C5: CERVECERIA CUAUHTEMOC MOCTEZUMA SA DE CV | D5: MP-0308 | E5: ULTRAFLO PRIME CONTENEDOR | F5: CERVEZA | G5: ROGELIO CURIEL | H5: 28.78 | I5: PRESUPUESTO | K5: 2000 | N5: 2000 | Q5: 1000 | T5: 1000 | V5: 6000 | X5: 0 | Y5: 57560 | Z5: 0 | AA5: 0 | AB5: 57560 | AC5: 0 | AD5: 0 | AE5: 28780 | AF5: 0 | AG5: 0 | AH5: 28780 | AI5: 0 | AJ5: 172680
A6: 2 | B6: 28 | C6: CERVECERIA CUAUHTEMOC MOCTEZUMA SA DE CV | D6: MP-0316 | E6: ATTENUZYME PRIME CONTENEDOR | F6: CERVEZA | G6: ROGELIO CURIEL | H6: 25.75 | I6: PRESUPUESTO | J6: 2200 | K6: 2200 | L6: 2200 | M6: 2200 | N6: 2200 | O6: 2200 | P6: 2200 | Q6: 1100 | R6: 1100 | S6: 1100 | T6: 1100 | U6: 1100 | V6: 20900 | X6: 56650 | Y6: 56650 | Z6: 56650 | AA6: 56650 | AB6: 56650 | AC6: 56650 | AD6: 56650 | AE6: 28325 | AF6: 28325 | AG6: 28325 | AH6: 28325 | AI6: 28325 | AJ6: 538175
A7: 3 | B7: 28 | C7: CERVECERIA CUAUHTEMOC MOCTEZUMA SA DE CV | D7: 169 | E7: CEREMIX PLUS MG | F7: CERVEZA | G7: ROGELIO CURIEL | H7: 16.9 | I7: PRESUPUESTO | K7: 2200 | N7: 2000 | Q7: 2000 | T7: 2000 | V7: 8200 | X7: 0 | Y7: 37180 | Z7: 0 | AA7: 0 | AB7: 33800 | AC7: 0 | AD7: 0 | AE7: 33800 | AF7: 0 | AG7: 0 | AH7: 33800 | AI7: 0 | AJ7: 138580
A8: 4 | B8: 28 | C8: CERVECERIA CUAUHTEMOC MOCTEZUMA SA DE CV | D8: CON-0246 | E8: TERMAMYL SC 4X CONTENEDOR 1200 KG | F8: CERVEZA | G8: ROGELIO CURIEL | H8: 12.73 | I8: PRESUPUESTO | K8: 1200 | Q8: 1200 | V8: 2400 | X8: 0 | Y8: 15276 | Z8: 0 | AA8: 0 | AB8: 0 | AC8: 0 | AD8: 0 | AE8: 15276 | AF8: 0 | AG8: 0 | AH8: 0 | AI8: 0 | AJ8: 30552
A9: 5 | B9: 28 | C9: CERVECERIA CUAUHTEMOC MOCTEZUMA SA DE CV | D9: MP-0184 | E9: MATUREX PRO | F9: CERVEZA | G9: ROGELIO CURIEL | H9: 81.36 | I9: PRESUPUESTO | J9: 180 | L9: 180 | N9: 180 | P9: 170 | R9: 160 | T9: 160 | V9: 1030 | X9: 14644.8 | Y9: 0 | Z9: 14644.8 | AA9: 0 | AB9: 14644.8 | AC9: 0 | AD9: 13831.2 | AE9: 0 | AF9: 13017.6 | AG9: 0 | AH9: 13017.6 | AI9: 0 | AJ9: 83800.8
A10: 6 | B10: 29 | C10: CERVECERIA CUAUHTEMOC MOCTEZUMA SA DE CV | D10: MP-0268 | E10: ULTRAFLO PRIME | F10: CERVEZA | G10: ROGELIO CURIEL | H10: 28.78 | I10: PRESUPUESTO | J10: 475 | M10: 475 | P10: 475 | S10: 475 | V10: 1900 | X10: 13670.5 | Y10: 0 | Z10: 0 | AA10: 13670.5 | AB10: 0 | AC10: 0 | AD10: 13670.5 | AE10: 0 | AF10: 0 | AG10: 13670.5 | AH10: 0 | AI10: 0 | AJ10: 54682
A11: 7 | B11: 29 | C11: CERVECERIA CUAUHTEMOC MOCTEZUMA SA DE CV | D11: MP-0317 | E11: ATTENUZYME PRIME | F11: CERVEZA | G11: ROGELIO CURIEL | H11: 25.75 | I11: PRESUPUESTO | J11: 1600 | M11: 1600 | P11: 1600 | S11: 1600 | V11: 6400 | X11: 41200 | Y11: 0 | Z11: 0 | AA11: 41200 | AB11: 0 | AC11: 0 | AD11: 41200 | AE11: 0 | AF11: 0 | AG11: 41200 | AH11: 0 | AI11: 0 | AJ11: 164800
A12: 8 | B12: 29 | C12: CERVECERIA CUAUHTEMOC MOCTEZUMA SA DE CV | D12: 169 | E12: CEREMIX PLUS MG | F12: CERVEZA | G12: ROGELIO CURIEL | H12: 16.9 | I12: PRESUPUESTO | J12: 800 | M12: 800 | P12: 800 | S12: 600 | V12: 3000 | X12: 13520 | Y12: 0 | Z12: 0 | AA12: 13520 | AB12: 0 | AC12: 0 | AD12: 13520 | AE12: 0 | AF12: 0 | AG12: 10140 | AH12: 0 | AI12: 0 | AJ12: 50700
A13: 9 | B13: 29 | C13: CERVECERIA CUAUHTEMOC MOCTEZUMA SA DE CV | D13: MP-0184 | E13: MATUREX PRO | F13: CERVEZA | G13: ROGELIO CURIEL | H13: 81.36 | I13: PRESUPUESTO | J13: 60 | M13: 70 | P13: 70 | S13: 60 | V13: 260 | X13: 4881.6 | Y13: 0 | Z13: 0 | AA13: 5695.2 | AB13: 0 | AC13: 0 | AD13: 5695.2 | AE13: 0 | AF13: 0 | AG13: 4881.6 | AH13: 0 | AI13: 0 | AJ13: 21153.6
A14: 10 | B14: 29 | C14: CERVECERIA CUAUHTEMOC MOCTEZUMA SA DE CV | D14: MP-0246 | E14: TERMAMYL SC 4X PORRON 25 KG | F14: CERVEZA | G14: ROGELIO CURIEL | H14: 12.73 | I14: PRESUPUESTO | J14: 300 | M14: 300 | P14: 300 | S14: 300 | V14: 1200 | X14: 3819 | Y14: 0 | Z14: 0 | AA14: 3819 | AB14: 0 | AC14: 0 | AD14: 3819 | AE14: 0 | AF14: 0 | AG14: 3819 | AH14: 0 | AI14: 0 | AJ14: 15276
A15: 11 | B15: 30 | C15: CERVECERIA CUAUHTEMOC MOCTEZUMA SA DE CV | D15: MP-0268 | E15: ULTRAFLO PRIME | F15: CERVEZA | G15: ROGELIO CURIEL | H15: 28.78 | I15: PRESUPUESTO | K15: 400 | N15: 400 | Q15: 400 | V15: 1200 | X15: 0 | Y15: 11512 | Z15: 0 | AA15: 0 | AB15: 11512 | AC15: 0 | AD15: 0 | AE15: 11512 | AF15: 0 | AG15: 0 | AH15: 0 | AI15: 0 | AJ15: 34536
A16: 12 | B16: 30 | C16: CERVECERIA CUAUHTEMOC MOCTEZUMA SA DE CV | D16: MP-0317 | E16: ATTENUZYME PRIME | F16: CERVEZA | G16: ROGELIO CURIEL | H16: 25.75 | I16: PRESUPUESTO | K16: 1000 | N16: 1000 | Q16: 800 | T16: 600 | V16: 3400 | X16: 0 | Y16: 25750 | Z16: 0 | AA16: 0 | AB16: 25750 | AC16: 0 | AD16: 0 | AE16: 20600 | AF16: 0 | AG16: 0 | AH16: 15450 | AI16: 0 | AJ16: 87550
A17: 13 | B17: 30 | C17: CERVECERIA CUAUHTEMOC MOCTEZUMA SA DE CV | D17: 169 | E17: CEREMIX PLUS MG | F17: CERVEZA | G17: ROGELIO CURIEL | H17: 16.9 | I17: PRESUPUESTO | K17: 600 | N17: 600 | Q17: 600 | T17: 600 | V17: 2400 | X17: 0 | Y17: 10140 | Z17: 0 | AA17: 0 | AB17: 10140 | AC17: 0 | AD17: 0 | AE17: 10140 | AF17: 0 | AG17: 0 | AH17: 10140 | AI17: 0 | AJ17: 40560
A18: 14 | B18: 30 | C18: CERVECERIA CUAUHTEMOC MOCTEZUMA SA DE CV | D18: MP-0246 | E18: TERMAMYL SC 4X PORRON 25 KG | F18: CERVEZA | G18: ROGELIO CURIEL | H18: 12.73 | I18: PRESUPUESTO | Q18: 400 | V18: 400 | X18: 0 | Y18: 0 | Z18: 0 | AA18: 0 | AB18: 0 | AC18: 0 | AD18: 0 | AE18: 5092 | AF18: 0 | AG18: 0 | AH18: 0 | AI18: 0 | AJ18: 5092
A19: 15 | B19: 31 | C19: CERVECERIA CUAUHTEMOC MOCTEZUMA SA DE CV | D19: MP-0308 | E19: ULTRAFLO PRIME CONTENEDOR | F19: CERVEZA | G19: ROGELIO CURIEL | H19: 28.78 | I19: PRESUPUESTO | K19: 2000 | N19: 2000 | Q19: 1000 | T19: 1000 | V19: 6000 | X19: 0 | Y19: 57560 | Z19: 0 | AA19: 0 | AB19: 57560 | AC19: 0 | AD19: 0 | AE19: 28780 | AF19: 0 | AG19: 0 | AH19: 28780 | AI19: 0 | AJ19: 172680
A20: 16 | B20: 31 | C20: CERVECERIA CUAUHTEMOC MOCTEZUMA SA DE CV | D20: 169 | E20: CEREMIX PLUS MG | F20: CERVEZA | G20: ROGELIO CURIEL | H20: 16.9 | I20: PRESUPUESTO | K20: 2400 | N20: 2400 | Q20: 2400 | T20: 1200 | V20: 8400 | X20: 0 | Y20: 40560 | Z20: 0 | AA20: 0 | AB20: 40560 | AC20: 0 | AD20: 0 | AE20: 40560 | AF20: 0 | AG20: 0 | AH20: 20280 | AI20: 0 | AJ20: 141960
A21: 17 | B21: 31 | C21: CERVECERIA CUAUHTEMOC MOCTEZUMA SA DE CV | D21: MP-0184 | E21: MATUREX PRO | F21: CERVEZA | G21: ROGELIO CURIEL | H21: 81.36 | I21: PRESUPUESTO | K21: 840 | N21: 840 | Q21: 840 | T21: 840 | V21: 3360 | X21: 0 | Y21: 68342.4 | Z21: 0 | AA21: 0 | AB21: 68342.4 | AC21: 0 | AD21: 0 | AE21: 68342.4 | AF21: 0 | AG21: 0 | AH21: 68342.4 | AI21: 0 | AJ21: 273369.6
A22: 18 | B22: 31 | C22: CERVECERIA CUAUHTEMOC MOCTEZUMA SA DE CV | D22: CON-0246 | E22: TERMAMYL SC 4X CONTENEDOR 1200 KG | F22: CERVEZA | G22: ROGELIO CURIEL | H22: 12.73 | I22: PRESUPUESTO | K22: 1200 | N22: 1200 | Q22: 1200 | T22: 1200 | V22: 4800 | X22: 0 | Y22: 15276 | Z22: 0 | AA22: 0 | AB22: 15276 | AC22: 0 | AD22: 0 | AE22: 15276 | AF22: 0 | AG22: 0 | AH22: 15276 | AI22: 0 | AJ22: 61104
A23: 19 | B23: 32 | C23: CERVECERIA CUAUHTEMOC MOCTEZUMA SA DE CV | D23: MP-0044 | E23: ULTRAFLO MAX CONTENEDOR | F23: CERVEZA | G23: ROGELIO CURIEL | H23: 26.54 | I23: PRESUPUESTO | K23: 1000 | N23: 1000 | Q23: 1000 | T23: 1000 | V23: 4000 | X23: 0 | Y23: 26540 | Z23: 0 | AA23: 0 | AB23: 26540 | AC23: 0 | AD23: 0 | AE23: 26540 | AF23: 0 | AG23: 0 | AH23: 26540 | AI23: 0 | AJ23: 106160
A24: 20 | B24: 32 | C24: CERVECERIA CUAUHTEMOC MOCTEZUMA SA DE CV | D24: MP-0316 | E24: ATTENUZYME PRIME CONTENEDOR | F24: CERVEZA | G24: ROGELIO CURIEL | H24: 25.75 | I24: PRESUPUESTO | T24: 1100 | V24: 1100 | X24: 0 | Y24: 0 | Z24: 0 | AA24: 0 | AB24: 0 | AC24: 0 | AD24: 0 | AE24: 0 | AF24: 0 | AG24: 0 | AH24: 28325 | AI24: 0 | AJ24: 28325
A25: 21 | B25: 32 | C25: CERVECERIA CUAUHTEMOC MOCTEZUMA SA DE CV | D25: 169 | E25: CEREMIX PLUS MG | F25: CERVEZA | G25: ROGELIO CURIEL | H25: 16.9 | I25: PRESUPUESTO | K25: 720 | N25: 720 | Q25: 720 | T25: 720 | V25: 2880 | X25: 0 | Y25: 12168 | Z25: 0 | AA25: 0 | AB25: 12168 | AC25: 0 | AD25: 0 | AE25: 12168 | AF25: 0 | AG25: 0 | AH25: 12168 | AI25: 0 | AJ25: 48672
A26: 22 | B26: 32 | C26: CERVECERIA CUAUHTEMOC MOCTEZUMA SA DE CV | D26: MP-0184 | E26: MATUREX PRO | F26: CERVEZA | G26: ROGELIO CURIEL | H26: 81.36 | I26: PRESUPUESTO | Q26: 40 | V26: 40 | X26: 0 | Y26: 0 | Z26: 0 | AA26: 0 | AB26: 0 | AC26: 0 | AD26: 0 | AE26: 3254.4 | AF26: 0 | AG26: 0 | AH26: 0 | AI26: 0 | AJ26: 3254.4
A27: 23 | B27: 32 | C27: CERVECERIA CUAUHTEMOC MOCTEZUMA SA DE CV | D27: CON-0343 | E27: TERMAMYL SC DS CONTENEDOR 1200 KG | F27: CERVEZA | G27: ROGELIO CURIEL | H27: 12.98 | I27: PRESUPUESTO | N27: 1200 | Q27: 1200 | T27: 1200 | V27: 3600 | X27: 0 | Y27: 0 | Z27: 0 | AA27: 0 | AB27: 15576 | AC27: 0 | AD27: 0 | AE27: 15576 | AF27: 0 | AG27: 0 | AH27: 15576 | AI27: 0 | AJ27: 46728
A28: 24 | B28: 33 | C28: CERVECERIA CUAUHTEMOC MOCTEZUMA SA DE CV | D28: MP-0268 | E28: ULTRAFLO PRIME | F28: CERVEZA | G28: ROGELIO CURIEL | H28: 28.78 | I28: PRESUPUESTO | J28: 660 | M28: 660 | P28: 660 | S28: 660 | V28: 2640 | X28: 18994.8 | Y28: 0 | Z28: 0 | AA28: 18994.8 | AB28: 0 | AC28: 0 | AD28: 18994.8 | AE28: 0 | AF28: 0 | AG28: 18994.8 | AH28: 0 | AI28: 0 | AJ28: 75979.2
A29: 25 | B29: 33 | C29: CERVECERIA CUAUHTEMOC MOCTEZUMA SA DE CV | D29: MP-0317 | E29: ATTENUZYME PRIME | F29: CERVEZA | G29: ROGELIO CURIEL | H29: 25.75 | I29: PRESUPUESTO | J29: 2500 | M29: 3000 | P29: 3000 | S29: 2500 | V29: 11000 | X29: 64375 | Y29: 0 | Z29: 0 | AA29: 77250 | AB29: 0 | AC29: 0 | AD29: 77250 | AE29: 0 | AF29: 0 | AG29: 64375 | AH29: 0 | AI29: 0 | AJ29: 283250
A30: 26 | B30: 33 | C30: CERVECERIA CUAUHTEMOC MOCTEZUMA SA DE CV | D30: 169 | E30: CEREMIX PLUS MG | F30: CERVEZA | G30: ROGELIO CURIEL | H30: 16.9 | I30: PRESUPUESTO | J30: 1000 | M30: 800 | P30: 800 | S30: 800 | V30: 3400 | X30: 16900 | Y30: 0 | Z30: 0 | AA30: 13520 | AB30: 0 | AC30: 0 | AD30: 13520 | AE30: 0 | AF30: 0 | AG30: 13520 | AH30: 0 | AI30: 0 | AJ30: 57460
A31: 27 | B31: 33 | C31: CERVECERIA CUAUHTEMOC MOCTEZUMA SA DE CV | D31: MP-0184 | E31: MATUREX PRO | F31: CERVEZA | G31: ROGELIO CURIEL | H31: 81.36 | I31: PRESUPUESTO | J31: 900 | M31: 900 | P31: 900 | S31: 900 | V31: 3600 | X31: 73224 | Y31: 0 | Z31: 0 | AA31: 73224 | AB31: 0 | AC31: 0 | AD31: 73224 | AE31: 0 | AF31: 0 | AG31: 73224 | AH31: 0 | AI31: 0 | AJ31: 292896
A32: 28 | B32: 33 | C32: CERVECERIA CUAUHTEMOC MOCTEZUMA SA DE CV | D32: MP-0246 | E32: TERMAMYL SC 4X PORRON 25 KG | F32: CERVEZA | G32: ROGELIO CURIEL | H32: 12.73 | I32: PRESUPUESTO | J32: 400 | M32: 400 | P32: 350 | S32: 300 | V32: 1450 | X32: 5092 | Y32: 0 | Z32: 0 | AA32: 5092 | AB32: 0 | AC32: 0 | AD32: 4455.5 | AE32: 0 | AF32: 0 | AG32: 3819 | AH32: 0 | AI32: 0 | AJ32: 18458.5
A33: 29 | B33: 337 | C33: CERVECERIA CUAUHTEMOC MOCTEZUMA SA DE CV | D33: MP-0044 | E33: ULTRAFLO MAX CONTENEDOR | F33: CERVEZA | G33: ROGELIO CURIEL | H33: 26.54 | I33: PRESUPUESTO | K33: 1000 | M33: 1000 | P33: 1000 | S33: 1000 | V33: 4000 | X33: 0 | Y33: 26540 | Z33: 0 | AA33: 26540 | AB33: 0 | AC33: 0 | AD33: 26540 | AE33: 0 | AF33: 0 | AG33: 26540 | AH33: 0 | AI33: 0 | AJ33: 106160
A34: 30 | B34: 337 | C34: CERVECERIA CUAUHTEMOC MOCTEZUMA SA DE CV | D34: MP-0316 | E34: ATTENUZYME PRIME CONTENEDOR | F34: CERVEZA | G34: ROGELIO CURIEL | H34: 25.75 | I34: PRESUPUESTO | K34: 4400 | M34: 4400 | P34: 3300 | S34: 3300 | V34: 15400 | X34: 0 | Y34: 113300 | Z34: 0 | AA34: 113300 | AB34: 0 | AC34: 0 | AD34: 84975 | AE34: 0 | AF34: 0 | AG34: 84975 | AH34: 0 | AI34: 0 | AJ34: 396550
A35: 31 | B35: 337 | C35: CERVECERIA CUAUHTEMOC MOCTEZUMA SA DE CV | D35: 169 | E35: CEREMIX PLUS MG | F35: CERVEZA | G35: ROGELIO CURIEL | H35: 16.9 | I35: PRESUPUESTO | M35: 750 | P35: 750 | S35: 750 | V35: 2250 | X35: 0 | Y35: 0 | Z35: 0 | AA35: 12675 | AB35: 0 | AC35: 0 | AD35: 12675 | AE35: 0 | AF35: 0 | AG35: 12675 | AH35: 0 | AI35: 0 | AJ35: 38025
A36: 32 | B36: 337 | C36: CERVECERIA CUAUHTEMOC MOCTEZUMA SA DE CV | D36: CON-0343 | E36: TERMAMYL SC DS CONTENEDOR 1200 KG | F36: CERVEZA | G36: ROGELIO CURIEL | H36: 12.98 | I36: PRESUPUESTO | K36: 1200 | S36: 1200 | V36: 2400 | X36: 0 | Y36: 15576 | Z36: 0 | AA36: 0 | AB36: 0 | AC36: 0 | AD36: 0 | AE36: 0 | AF36: 0 | AG36: 15576 | AH36: 0 | AI36: 0 | AJ36: 31152
A37: 33 | B37: 342 | C37: RED STRIPE | D37: MP-0184 | E37: MATUREX PRO | F37: CERVEZA | G37: ROGELIO CURIEL | H37: 81.36 | I37: PRESUPUESTO | L37: 200 | R37: 250 | V37: 450 | X37: 0 | Y37: 0 | Z37: 16272 | AA37: 0 | AB37: 0 | AC37: 0 | AD37: 0 | AE37: 0 | AF37: 20340 | AG37: 0 | AH37: 0 | AI37: 0 | AJ37: 36612
A38: 34 | B38: 393 | C38: CERVECERIA CUAUHTEMOC MOCTEZUMA SA DE CV | D38: MP-0268 | E38: ULTRAFLO PRIME | F38: CERVEZA | G38: ROGELIO CURIEL | H38: 28.78 | I38: PRESUPUESTO | J38: 1100 | K38: 1100 | L38: 1100 | M38: 1100 | N38: 1100 | O38: 1100 | P38: 1100 | Q38: 1100 | R38: 1100 | S38: 1100 | T38: 1100 | U38: 1100 | V38: 13200 | X38: 31658 | Y38: 31658 | Z38: 31658 | AA38: 31658 | AB38: 31658 | AC38: 31658 | AD38: 31658 | AE38: 31658 | AF38: 31658 | AG38: 31658 | AH38: 31658 | AI38: 31658 | AJ38: 379896
A39: 35 | B39: 436 | C39: CERVECERIA PANAMA, S.A. | D39: MP-0184 | E39: MATUREX PRO | F39: CERVEZA | G39: ROGELIO CURIEL | H39: 81.36 | I39: PRESUPUESTO | J39: 40 | K39: 40 | L39: 40 | M39: 40 | N39: 40 | O39: 40 | P39: 40 | Q39: 40 | R39: 40 | S39: 40 | T39: 40 | U39: 40 | V39: 480 | X39: 3254.4 | Y39: 3254.4 | Z39: 3254.4 | AA39: 3254.4 | AB39: 3254.4 | AC39: 3254.4 | AD39: 3254.4 | AE39: 3254.4 | AF39: 3254.4 | AG39: 3254.4 | AH39: 3254.4 | AI39: 3254.4 | AJ39: 39052.8
A40: 36 | B40: 500 | C40: HEINEKEN PERU SAC | D40: POR-0352 | E40: ULTRAFLO MAX | F40: CERVEZA | G40: ROGELIO CURIEL | H40: 26.54 | I40: PRESUPUESTO | L40: 50 | S40: 50 | V40: 100 | X40: 0 | Y40: 0 | Z40: 1327 | AA40: 0 | AB40: 0 | AC40: 0 | AD40: 0 | AE40: 0 | AF40: 0 | AG40: 1327 | AH40: 0 | AI40: 0 | AJ40: 2654
A41: 37 | B41: 500 | C41: HEINEKEN PERU SAC | D41: MP-0066 | E41: ATTENUZYME PRO | F41: CERVEZA | G41: ROGELIO CURIEL | H41: 13.6 | I41: PRESUPUESTO | J41: 50 | N41: 50 | R41: 50 | U41: 50 | V41: 200 | X41: 680 | Y41: 0 | Z41: 0 | AA41: 0 | AB41: 680 | AC41: 0 | AD41: 0 | AE41: 0 | AF41: 680 | AG41: 0 | AH41: 0 | AI41: 680 | AJ41: 2720
A42: 38 | B42: 500 | C42: HEINEKEN PERU SAC | D42: MP-0246 | E42: TERMAMYL SC 4X PORRON 25 KG | F42: CERVEZA | G42: ROGELIO CURIEL | H42: 12.73 | I42: PRESUPUESTO | L42: 25 | S42: 25 | V42: 50 | X42: 0 | Y42: 0 | Z42: 318.25 | AA42: 0 | AB42: 0 | AC42: 0 | AD42: 0 | AE42: 0 | AF42: 0 | AG42: 318.25 | AH42: 0 | AI42: 0 | AJ42: 636.5
A43: 39 | B43: 392 | C43: CI CERVEZA GmbH. | D43: CON-0066 | E43: ATTENUZYME PRO | F43: CERVEZA | G43: ROGELIO CURIEL | H43: 18.32 | I43: PRESUPUESTO | K43: 8800 | L43: 16500 | N43: 16500 | O43: 13200 | Q43: 15400 | S43: 7700 | T43: 13200 | V43: 91300 | X43: 0 | Y43: 161216 | Z43: 302280 | AA43: 0 | AB43: 302280 | AC43: 241824 | AD43: 0 | AE43: 282128 | AF43: 0 | AG43: 141064 | AH43: 241824 | AI43: 0 | AJ43: 1672616
A44: 40 | B44: 392 | C44: CI CERVEZA GmbH. | D44: CON-0343 | E44: TERMAMYL SC DS/CONTENEDOR | F44: CERVEZA | G44: ROGELIO CURIEL | H44: 18.3 | I44: PRESUPUESTO | J44: 8400 | L44: 8400 | N44: 8400 | O44: 8400 | Q44: 4800 | S44: 7200 | T44: 6000 | V44: 51600 | X44: 153720 | Y44: 0 | Z44: 153720 | AA44: 0 | AB44: 153720 | AC44: 153720 | AD44: 0 | AE44: 87840 | AF44: 0 | AG44: 131760 | AH44: 109800 | AI44: 0 | AJ44: 944280
A45: 41 | B45: 392 | C45: CI CERVEZA GmbH. | D45: MP-0044 | E45: ULTRAFLO MAX/CONTENEDOR | F45: CERVEZA | G45: ROGELIO CURIEL | H45: 30.64 | I45: PRESUPUESTO | J45: 8000 | L45: 10000 | N45: 11000 | Q45: 13000 | T45: 13000 | V45: 55000 | X45: 245120 | Y45: 0 | Z45: 306400 | AA45: 0 | AB45: 337040 | AC45: 0 | AD45: 0 | AE45: 398320 | AF45: 0 | AG45: 0 | AH45: 398320 | AI45: 0 | AJ45: 1685200
A46: 42 | B46: 392 | C46: CI CERVEZA GmbH. | D46: POR-0343 | E46: TERMAMYL SC DS PORRON 30 KG | F46: CERVEZA | G46: ROGELIO CURIEL | H46: 18.3 | I46: PRESUPUESTO | K46: 3600 | M46: 3600 | O46: 3600 | Q46: 3600 | S46: 3600 | U46: 3600 | V46: 21600 | X46: 0 | Y46: 65880 | Z46: 0 | AA46: 65880 | AB46: 0 | AC46: 65880 | AD46: 0 | AE46: 65880 | AF46: 0 | AG46: 65880 | AH46: 0 | AI46: 65880 | AJ46: 395280
A47: 43 | B47: 392 | C47: CI CERVEZA GmbH. | D47: POR-0352 | E47: ULTRAFLO MAX | F47: CERVEZA | G47: ROGELIO CURIEL | H47: 30.64 | I47: PRESUPUESTO | K47: 5400 | N47: 5400 | Q47: 5400 | T47: 5400 | V47: 21600 | X47: 0 | Y47: 165456 | Z47: 0 | AA47: 0 | AB47: 165456 | AC47: 0 | AD47: 0 | AE47: 165456 | AF47: 0 | AG47: 0 | AH47: 165456 | AI47: 0 | AJ47: 661824
A48: 44 | B48: 232 | C48: BANKS (BARBADOS) BREWERIES LTD | D48: 169 | E48: CEREMIX PLUS MG | F48: CERVEZA | G48: ROGELIO CURIEL | H48: 19.15 | I48: PRESUPUESTO | L48: 100 | O48: 100 | R48: 100 | V48: 300 | X48: 0 | Y48: 0 | Z48: 1915 | AA48: 0 | AB48: 0 | AC48: 1915 | AD48: 0 | AE48: 0 | AF48: 1915 | AG48: 0 | AH48: 0 | AI48: 0 | AJ48: 5745
A49: 45 | B49: 232 | C49: BANKS (BARBADOS) BREWERIES LTD | D49: MP-0184 | E49: MATUREX PRO | F49: CERVEZA | G49: ROGELIO CURIEL | H49: 210 | I49: PRESUPUESTO | N49: 170 | T49: 170 | V49: 340 | X49: 0 | Y49: 0 | Z49: 0 | AA49: 0 | AB49: 35700 | AC49: 0 | AD49: 0 | AE49: 0 | AF49: 0 | AG49: 0 | AH49: 35700 | AI49: 0 | AJ49: 71400
A50: 46 | B50: 238 | C50: ANSA MCAL TRADING, INC. | D50: MP-0066 | E50: ATTENUZYME PRO | F50: CERVEZA | G50: ROGELIO CURIEL | H50: 32.52 | I50: PRESUPUESTO | K50: 600 | L50: 1200 | M50: 1800 | O50: 1800 | Q50: 1200 | R50: 1200 | T50: 1200 | V50: 9000 | X50: 0 | Y50: 19512 | Z50: 39024 | AA50: 58536 | AB50: 0 | AC50: 58536 | AD50: 0 | AE50: 39024 | AF50: 39024 | AG50: 0 | AH50: 39024 | AI50: 0 | AJ50: 292680
A51: 47 | B51: 238 | C51: ANSA MCAL TRADING, INC. | D51: POR-0352 | E51: ULTRAFLO MAX | F51: CERVEZA | G51: ROGELIO CURIEL | H51: 32.4 | I51: PRESUPUESTO | O51: 450 | V51: 450 | X51: 0 | Y51: 0 | Z51: 0 | AA51: 0 | AB51: 0 | AC51: 14580 | AD51: 0 | AE51: 0 | AF51: 0 | AG51: 0 | AH51: 0 | AI51: 0 | AJ51: 14580
A52: 48 | B52: 495 | C52: CERVECERÍA CUBANA | D52: POR-0352 | E52: ULTRAFLO MAX | F52: CERVEZA | G52: ROGELIO CURIEL | H52: 32.45 | I52: PRESUPUESTO | N52: 400 | S52: 400 | V52: 800 | X52: 0 | Y52: 0 | Z52: 0 | AA52: 0 | AB52: 12980 | AC52: 0 | AD52: 0 | AE52: 0 | AF52: 0 | AG52: 12980 | AH52: 0 | AI52: 0 | AJ52: 25960
A53: 49 | B53: 429 | C53: CERVECERIA PRIMUS | D53: 169 | E53: CEREMIX PLUS MG | F53: CERVEZA | G53: ROGELIO CURIEL | H53: 16.9 | I53: PRESUPUESTO | K53: 20 | S53: 20 | V53: 40 | X53: 0 | Y53: 338 | Z53: 0 | AA53: 0 | AB53: 0 | AC53: 0 | AD53: 0 | AE53: 0 | AF53: 0 | AG53: 338 | AH53: 0 | AI53: 0 | AJ53: 676
A54: 50 | B54: 429 | C54: CERVECERIA PRIMUS | D54: POR-0352 | E54: ULTRAFLO MAX | F54: CERVEZA | G54: ROGELIO CURIEL | H54: 26.54 | I54: PRESUPUESTO | K54: 25 | S54: 25 | V54: 50 | X54: 0 | Y54: 663.5 | Z54: 0 | AA54: 0 | AB54: 0 | AC54: 0 | AD54: 0 | AE54: 0 | AF54: 0 | AG54: 663.5 | AH54: 0 | AI54: 0 | AJ54: 1327
A55: 51 | B55: 429 | C55: CERVECERIA PRIMUS | D55: MP-0184 | E55: MATUREX PRO | F55: CERVEZA | G55: ROGELIO CURIEL | H55: 81.36 | I55: PRESUPUESTO | N55: 5 | S55: 5 | V55: 10 | X55: 0 | Y55: 0 | Z55: 0 | AA55: 0 | AB55: 406.8 | AC55: 0 | AD55: 0 | AE55: 0 | AF55: 0 | AG55: 406.8 | AH55: 0 | AI55: 0 | AJ55: 813.6
A56: 52 | B56: 429 | C56: CERVECERIA PRIMUS | D56: MP-0305 | E56: POLYCLAR BREWBRITE | F56: CERVEZA | G56: ROGELIO CURIEL | H56: 68 | I56: PRESUPUESTO | K56: 24.95 | N56: 24.95 | P56: 24.95 | Q56: 24.95 | U56: 24.95 | V56: 124.75 | X56: 0 | Y56: 1696.6 | Z56: 0 | AA56: 0 | AB56: 1696.6 | AC56: 0 | AD56: 1696.6 | AE56: 1696.6 | AF56: 0 | AG56: 0 | AH56: 0 | AI56: 1696.6 | AJ56: 8483
A57: 53 | B57: 523 | C57: COMPAÑIA CERVECERA HERCULES | D57: RE-0045 | E57: BIOFLOW MAX | F57: CERVEZA | G57: ROGELIO CURIEL | H57: 42 | I57: PRESUPUESTO | J57: 25 | L57: 25 | N57: 25 | P57: 25 | R57: 25 | U57: 25 | V57: 150 | X57: 1050 | Y57: 0 | Z57: 1050 | AA57: 0 | AB57: 1050 | AC57: 0 | AD57: 1050 | AE57: 0 | AF57: 1050 | AG57: 0 | AH57: 0 | AI57: 1050 | AJ57: 6300
A58: 54 | B58: 523 | C58: COMPAÑIA CERVECERA HERCULES | D58: PT-0204 | E58: AMYL LIGHT PRO | F58: CERVEZA | G58: ROGELIO CURIEL | H58: 19.5 | I58: PRESUPUESTO | L58: 25 | R58: 25 | V58: 50 | X58: 0 | Y58: 0 | Z58: 487.5 | AA58: 0 | AB58: 0 | AC58: 0 | AD58: 0 | AE58: 0 | AF58: 487.5 | AG58: 0 | AH58: 0 | AI58: 0 | AJ58: 975
A59: 55 | B59: 523 | C59: COMPAÑIA CERVECERA HERCULES | D59: MP-0318 | E59: TETRALONE PG (1 KG) | F59: CERVEZA | G59: ROGELIO CURIEL | H59: 263 | I59: PRESUPUESTO | J59: 3 | P59: 3 | V59: 6 | X59: 789 | Y59: 0 | Z59: 0 | AA59: 0 | AB59: 0 | AC59: 0 | AD59: 789 | AE59: 0 | AF59: 0 | AG59: 0 | AH59: 0 | AI59: 0 | AJ59: 1578
A60: 56 | B60: 413 | C60: MALTAS E INSUMOS CERVECEROS | D60: PT-0204 | E60: AMYL LIGHT PRO | F60: CERVEZA | G60: ROGELIO CURIEL | H60: 23.48 | I60: PRESUPUESTO | N60: 25 | S60: 25 | V60: 50 | X60: 0 | Y60: 0 | Z60: 0 | AA60: 0 | AB60: 587 | AC60: 0 | AD60: 0 | AE60: 0 | AF60: 0 | AG60: 587 | AH60: 0 | AI60: 0 | AJ60: 1174
A61: 57 | B61: 128 | C61: PRODUCTOS CURTIENTES SA DE CV | D61: PT-0019 | E61: ENZIMA PCLIN | F61: CURTIDURIA | G61: ROGELIO CURIEL | H61: 14.83 | I61: PRESUPUESTO | K61: 75 | N61: 75 | Q61: 50 | T61: 50 | V61: 250 | X61: 0 | Y61: 1112.25 | Z61: 0 | AA61: 0 | AB61: 1112.25 | AC61: 0 | AD61: 0 | AE61: 741.5 | AF61: 0 | AG61: 0 | AH61: 741.5 | AI61: 0 | AJ61: 3707.5
A62: 58 | B62: 128 | C62: PRODUCTOS CURTIENTES SA DE CV | D62: PT-0018 | E62: BIOTEC LC-500 | F62: CURTIDURIA | G62: ROGELIO CURIEL | H62: 5.54 | I62: PRESUPUESTO | K62: 25 | N62: 25 | Q62: 25 | T62: 25 | V62: 100 | X62: 0 | Y62: 138.5 | Z62: 0 | AA62: 0 | AB62: 138.5 | AC62: 0 | AD62: 0 | AE62: 138.5 | AF62: 0 | AG62: 0 | AH62: 138.5 | AI62: 0 | AJ62: 554
A63: 59 | B63: 128 | C63: PRODUCTOS CURTIENTES SA DE CV | D63: 128 | E63: BIOTEC WET | F63: CURTIDURIA | G63: ROGELIO CURIEL | H63: 2.92 | I63: PRESUPUESTO | K63: 125 | N63: 125 | Q63: 125 | T63: 125 | V63: 500 | X63: 0 | Y63: 365 | Z63: 0 | AA63: 0 | AB63: 365 | AC63: 0 | AD63: 0 | AE63: 365 | AF63: 0 | AG63: 0 | AH63: 365 | AI63: 0 | AJ63: 1460
A64: 60 | B64: 128 | C64: PRODUCTOS CURTIENTES SA DE CV | D64: PT-0022 | E64: ENZIMA PCA1 | F64: CURTIDURIA | G64: ROGELIO CURIEL | H64: 15.19 | I64: PRESUPUESTO | N64: 10 | V64: 10 | X64: 0 | Y64: 0 | Z64: 0 | AA64: 0 | AB64: 151.9 | AC64: 0 | AD64: 0 | AE64: 0 | AF64: 0 | AG64: 0 | AH64: 0 | AI64: 0 | AJ64: 151.9
A65: 61 | B65: 144 | C65: SUELAS WYNY SA DE CV | D65: 128 | E65: BIOTEC WET | F65: CURTIDURIA | G65: ROGELIO CURIEL | H65: 2.59 | I65: PRESUPUESTO | J65: 3000 | K65: 3000 | L65: 3000 | M65: 3000 | N65: 3000 | O65: 3000 | P65: 3000 | Q65: 3000 | R65: 3000 | S65: 3000 | T65: 3000 | U65: 3000 | V65: 36000 | X65: 7770 | Y65: 7770 | Z65: 7770 | AA65: 7770 | AB65: 7770 | AC65: 7770 | AD65: 7770 | AE65: 7770 | AF65: 7770 | AG65: 7770 | AH65: 7770 | AI65: 7770 | AJ65: 93240
A66: 62 | B66: 184 | C66: CUEROMEX WET BLUE SA DE CV | D66: 115 | E66: BIOTEC KL 25 | F66: CURTIDURIA | G66: ROGELIO CURIEL | H66: 16.83 | I66: PRESUPUESTO | J66: 400 | K66: 400 | L66: 400 | M66: 400 | N66: 400 | O66: 400 | P66: 400 | Q66: 400 | R66: 400 | S66: 400 | T66: 400 | U66: 300 | V66: 4700 | X66: 6732 | Y66: 6732 | Z66: 6732 | AA66: 6732 | AB66: 6732 | AC66: 6732 | AD66: 6732 | AE66: 6732 | AF66: 6732 | AG66: 6732 | AH66: 6732 | AI66: 5049 | AJ66: 79101
A67: 63 | B67: 184 | C67: CUEROMEX WET BLUE SA DE CV | D67: 115 | E67: BIOTEC BAT W | F67: CURTIDURIA | G67: ROGELIO CURIEL | H67: 1.49 | I67: PRESUPUESTO | J67: 175 | K67: 175 | L67: 175 | M67: 175 | N67: 175 | O67: 175 | P67: 175 | Q67: 175 | R67: 175 | S67: 175 | T67: 175 | U67: 175 | V67: 2100 | X67: 260.75 | Y67: 260.75 | Z67: 260.75 | AA67: 260.75 | AB67: 260.75 | AC67: 260.75 | AD67: 260.75 | AE67: 260.75 | AF67: 260.75 | AG67: 260.75 | AH67: 260.75 | AI67: 260.75 | AJ67: 3129
A68: 64 | B68: 193 | C68: CURFIMEX SA DE CV | D68: 126 | E68: BIOTEC RG002 | F68: CURTIDURIA | G68: ROGELIO CURIEL | H68: 36.05 | I68: PRESUPUESTO | Q68: 50 | V68: 50 | X68: 0 | Y68: 0 | Z68: 0 | AA68: 0 | AB68: 0 | AC68: 0 | AD68: 0 | AE68: 1802.5 | AF68: 0 | AG68: 0 | AH68: 0 | AI68: 0 | AJ68: 1802.5
A69: 65 | B69: 202 | C69: CURTIDOS TREVIÑO SA DE CV | D69: MP-0013 | E69: NOVOBATE WB | F69: CURTIDURIA | G69: ROGELIO CURIEL | H69: 71.58 | I69: PRESUPUESTO | L69: 20 | R69: 20 | V69: 40 | X69: 0 | Y69: 0 | Z69: 1431.6 | AA69: 0 | AB69: 0 | AC69: 0 | AD69: 0 | AE69: 0 | AF69: 1431.6 | AG69: 0 | AH69: 0 | AI69: 0 | AJ69: 2863.2
A70: 66 | B70: 165 | C70: EL PEQUEÑO CURTIDOR DE LEÓN | D70: PT-0056 | E70: BIOTEC AMIL S | F70: CURTIDURIA | G70: ROGELIO CURIEL | H70: 4.15 | I70: PRESUPUESTO | N70: 75 | R70: 75 | V70: 150 | X70: 0 | Y70: 0 | Z70: 0 | AA70: 0 | AB70: 311.25 | AC70: 0 | AD70: 0 | AE70: 0 | AF70: 311.25 | AG70: 0 | AH70: 0 | AI70: 0 | AJ70: 622.5
A71: 67 | B71: 420 | C71: PIELES SANTORO, S.A. DE C.V. | D71: 115 | E71: BIOTEC PL | F71: CURTIDURIA | G71: ROGELIO CURIEL | H71: 3.08 | I71: PRESUPUESTO | M71: 175 | S71: 175 | V71: 350 | X71: 0 | Y71: 0 | Z71: 0 | AA71: 539 | AB71: 0 | AC71: 0 | AD71: 0 | AE71: 0 | AF71: 0 | AG71: 539 | AH71: 0 | AI71: 0 | AJ71: 1078
A72: 68 | B72: 420 | C72: PIELES SANTORO, S.A. DE C.V. | D72: PT-0211 | E72: BIOTEC BAC MF | F72: CURTIDURIA | G72: ROGELIO CURIEL | H72: 1.55 | I72: PRESUPUESTO | M72: 500 | S72: 500 | V72: 1000 | X72: 0 | Y72: 0 | Z72: 0 | AA72: 775 | AB72: 0 | AC72: 0 | AD72: 0 | AE72: 0 | AF72: 0 | AG72: 775 | AH72: 0 | AI72: 0 | AJ72: 1550
A73: 69 | B73: 389 | C73: QUÍMICOS QURTEC | D73: PT-0258 | E73: BIOSYN DP | F73: CURTIDURIA | G73: ROGELIO CURIEL | H73: 2.78 | I73: PRESUPUESTO | K73: 200 | R73: 200 | V73: 400 | X73: 0 | Y73: 556 | Z73: 0 | AA73: 0 | AB73: 0 | AC73: 0 | AD73: 0 | AE73: 0 | AF73: 556 | AG73: 0 | AH73: 0 | AI73: 0 | AJ73: 1112
A74: 70 | B74: 16 | C74: AZTECA MILLING, LP | D74: 138 | E74: BIOZYME GMA PLUS | F74: TORTILLA | G74: ROGELIO CURIEL | H74: 4.18 | I74: PRESUPUESTO | J74: 1000 | K74: 1000 | L74: 1000 | M74: 1000 | N74: 1000 | O74: 1000 | P74: 1000 | Q74: 1000 | R74: 1000 | S74: 1000 | T74: 1000 | U74: 1000 | V74: 12000 | X74: 4180 | Y74: 4180 | Z74: 4180 | AA74: 4180 | AB74: 4180 | AC74: 4180 | AD74: 4180 | AE74: 4180 | AF74: 4180 | AG74: 4180 | AH74: 4180 | AI74: 4180 | AJ74: 50160
A75: 71 | B75: 112 | C75: MOLINOS AZTECA DE VERACRUZ | D75: RE-0002 | E75: NS27047 | F75: TORTILLA | G75: ROGELIO CURIEL | H75: 173.1 | I75: PRESUPUESTO | J75: 20 | L75: 20 | N75: 20 | P75: 20 | Q75: 20 | S75: 20 | T75: 20 | U75: 20 | V75: 160 | X75: 3462 | Y75: 0 | Z75: 3462 | AA75: 0 | AB75: 3462 | AC75: 0 | AD75: 3462 | AE75: 3462 | AF75: 0 | AG75: 3462 | AH75: 3462 | AI75: 3462 | AJ75: 27696
A76: 72 | B76: 113 | C76: MOLINOS AZTECA DE CHALCO SA DE CV | D76: RE-0002 | E76: NS27047 | F76: TORTILLA | G76: ROGELIO CURIEL | H76: 173.1 | I76: PRESUPUESTO | N76: 20 | R76: 20 | U76: 20 | V76: 60 | X76: 0 | Y76: 0 | Z76: 0 | AA76: 0 | AB76: 3462 | AC76: 0 | AD76: 0 | AE76: 0 | AF76: 3462 | AG76: 0 | AH76: 0 | AI76: 3462 | AJ76: 10386
A77: 73 | B77: 100 | C77: MANUFACTURAS KALTEX SA DE CV | D77: 0056 | E77: BIOLITE CONC | F77: TEXTIL | G77: ROGELIO CURIEL | H77: 21.65 | I77: PRESUPUESTO | K77: 240 | P77: 240 | T77: 240 | V77: 720 | X77: 0 | Y77: 5196 | Z77: 0 | AA77: 0 | AB77: 0 | AC77: 0 | AD77: 5196 | AE77: 0 | AF77: 0 | AG77: 0 | AH77: 5196 | AI77: 0 | AJ77: 15588
A78: 74 | B78: 100 | C78: MANUFACTURAS KALTEX SA DE CV | D78: 0079 | E78: BIOSTONE 350 HBA | F78: TEXTIL | G78: ROGELIO CURIEL | H78: 4.02 | I78: PRESUPUESTO | M78: 40 | P78: 40 | R78: 40 | T78: 40 | V78: 160 | X78: 0 | Y78: 0 | Z78: 0 | AA78: 160.8 | AB78: 0 | AC78: 0 | AD78: 160.8 | AE78: 0 | AF78: 160.8 | AG78: 0 | AH78: 160.8 | AI78: 0 | AJ78: 643.2
A79: 75 | B79: 53 | C79: DINCO DEL NORTE SA DE CV | D79: MP-0227 | E79: BIOREMOVE FOG BOOST | F79: BACTERIAS | G79: ROGELIO CURIEL | H79: 263.17 | I79: PRESUPUESTO | O79: 11 | S79: 11 | V79: 22 | X79: 0 | Y79: 0 | Z79: 0 | AA79: 0 | AB79: 0 | AC79: 2894.87 | AD79: 0 | AE79: 0 | AF79: 0 | AG79: 2894.87 | AH79: 0 | AI79: 0 | AJ79: 5789.74
A80: 76 | B80: 53 | C80: DINCO DEL NORTE SA DE CV | D80: MP-0226 | E80: BIOREMOVE COD | F80: BACTERIAS | G80: ROGELIO CURIEL | H80: 444.45 | I80: PRESUPUESTO | O80: 6 | S80: 6 | V80: 12 | X80: 0 | Y80: 0 | Z80: 0 | AA80: 0 | AB80: 0 | AC80: 2666.7 | AD80: 0 | AE80: 0 | AF80: 0 | AG80: 2666.7 | AH80: 0 | AI80: 0 | AJ80: 5333.4
A81: 77 | B81: 53 | C81: DINCO DEL NORTE SA DE CV | D81: MP-0190 | E81: ODOR CAP 5115 | F81: BACTERIAS | G81: ROGELIO CURIEL | H81: 146.26 | I81: PRESUPUESTO | O81: 4 | S81: 2 | V81: 6 | X81: 0 | Y81: 0 | Z81: 0 | AA81: 0 | AB81: 0 | AC81: 585.04 | AD81: 0 | AE81: 0 | AF81: 0 | AG81: 292.52 | AH81: 0 | AI81: 0 | AJ81: 877.56
A82: 78 | B82: 53 | C82: DINCO DEL NORTE SA DE CV | D82: MP-0188 LT | E82: BACT CONCENTRATE 2000 | F82: BACTERIAS | G82: ROGELIO CURIEL | H82: 857.48 | I82: PRESUPUESTO | O82: 1 | S82: 1 | V82: 2 | X82: 0 | Y82: 0 | Z82: 0 | AA82: 0 | AB82: 0 | AC82: 857.48 | AD82: 0 | AE82: 0 | AF82: 0 | AG82: 857.48 | AH82: 0 | AI82: 0 | AJ82: 1714.96
A83: 79 | B83: 527 | C83: PICSA DE MEXICO INTERNACIONAL | D83: 17 | E83: AMILSOFT 1500 | F83: PAN | G83: ROGELIO CURIEL | H83: 78 | I83: PRESUPUESTO | Q83: 20 | X83: 0 | Y83: 0 | Z83: 0 | AA83: 0 | AB83: 0 | AC83: 0 | AD83: 0 | AE83: 1560 | AF83: 0 | AG83: 0 | AH83: 0 | AI83: 0 | AJ83: 1560
A84: 80 | B84: 28 | C84: CERVECERIA CUAUHTEMOC MOCTEZUMA SA DE CV | E84: LUMISTA GOLD PR | F84: CERVEZA | G84: ROGELIO CURIEL | H84: 38.56 | I84: PROSPECTO | L84: 1000 | M84: 1000 | O84: 1000 | Q84: 1000 | S84: 1000 | T84: 1000 | V84: 6000 | X84: 0 | Y84: 0 | Z84: 38560 | AA84: 38560 | AB84: 0 | AC84: 38560 | AD84: 0 | AE84: 38560 | AF84: 0 | AG84: 38560 | AH84: 38560 | AI84: 0 | AJ84: 231360
A85: 81 | B85: 28 | C85: CERVECERIA CUAUHTEMOC MOCTEZUMA SA DE CV | E85: LUMISTA GOLD PR | F85: CERVEZA | G85: ROGELIO CURIEL | H85: 38.56 | I85: PROSPECTO | J85: 600 | M85: 600 | P85: 600 | S85: 500 | V85: 2300 | X85: 23136 | Y85: 0 | Z85: 0 | AA85: 23136 | AB85: 0 | AC85: 0 | AD85: 23136 | AE85: 0 | AF85: 0 | AG85: 19280 | AH85: 0 | AI85: 0 | AJ85: 88688
A86: 82 | B86: 31 | C86: CERVECERIA CUAUHTEMOC MOCTEZUMA SA DE CV | E86: LUMISTA GOLD PR | F86: CERVEZA | G86: ROGELIO CURIEL | H86: 38.56 | I86: PROSPECTO | K86: 3000 | N86: 2000 | Q86: 2000 | T86: 2000 | V86: 9000 | X86: 0 | Y86: 115680 | Z86: 0 | AA86: 0 | AB86: 77120 | AC86: 0 | AD86: 0 | AE86: 77120 | AF86: 0 | AG86: 0 | AH86: 77120 | AI86: 0 | AJ86: 347040
A87: 83 | B87: 33 | C87: CERVECERIA CUAUHTEMOC MOCTEZUMA SA DE CV | E87: LUMISTA GOLD PR | F87: CERVEZA | G87: ROGELIO CURIEL | H87: 38.56 | I87: PROSPECTO | P87: 450 | Q87: 450 | R87: 450 | S87: 450 | T87: 450 | U87: 425 | V87: 2675 | X87: 0 | Y87: 0 | Z87: 0 | AA87: 0 | AB87: 0 | AC87: 0 | AD87: 17352 | AE87: 17352 | AF87: 17352 | AG87: 17352 | AH87: 17352 | AI87: 16388 | AJ87: 103148
A88: 84 | B88: 33 | C88: CERVECERIA CUAUHTEMOC MOCTEZUMA SA DE CV | E88: LUMISTA GOLD PR | F88: CERVEZA | G88: ROGELIO CURIEL | H88: 38.56 | I88: PROSPECTO | P88: 1000 | S88: 1000 | V88: 2000 | X88: 0 | Y88: 0 | Z88: 0 | AA88: 0 | AB88: 0 | AC88: 0 | AD88: 38560 | AE88: 0 | AF88: 0 | AG88: 38560 | AH88: 0 | AI88: 0 | AJ88: 77120
A89: 85 | B89: 393 | C89: CERVECERIA CUAUHTEMOC MOCTEZUMA SA DE CV | E89: F6 | F89: CERVEZA | G89: ROGELIO CURIEL | H89: 28 | I89: PROSPECTO | N89: 1000 | O89: 1000 | P89: 1000 | Q89: 1000 | R89: 1000 | S89: 1000 | T89: 1000 | U89: 1000 | V89: 8000 | X89: 0 | Y89: 0 | Z89: 0 | AA89: 0 | AB89: 28000 | AC89: 28000 | AD89: 28000 | AE89: 28000 | AF89: 28000 | AG89: 28000 | AH89: 28000 | AI89: 28000 | AJ89: 224000
A90: 86 | B90: 436 | C90: CERVECERIA PANAMA, S.A. | E90: LUMISTA GOLD PR | F90: CERVEZA | G90: ROGELIO CURIEL | H90: 38.56 | I90: PROSPECTO | P90: 60 | Q90: 60 | R90: 60 | S90: 60 | T90: 60 | U90: 60 | V90: 360 | X90: 0 | Y90: 0 | Z90: 0 | AA90: 0 | AB90: 0 | AC90: 0 | AD90: 2313.6 | AE90: 2313.6 | AF90: 2313.6 | AG90: 2313.6 | AH90: 2313.6 | AI90: 2313.6 | AJ90: 13881.6
A91: 87 | B91: 392 | C91: CI CERVEZA GmbH. | E91: LUMISTA GOLD PR | F91: CERVEZA | G91: ROGELIO CURIEL | H91: 55.85 | I91: PROSPECTO | R91: 1000 | S91: 1000 | T91: 1000 | U91: 500 | V91: 3500 | X91: 0 | Y91: 0 | Z91: 0 | AA91: 0 | AB91: 0 | AC91: 0 | AD91: 0 | AE91: 0 | AF91: 55850 | AG91: 55850 | AH91: 55850 | AI91: 27925 | AJ91: 195475
A92: 88 | C92: MALT EUROPE | E92: BIOFLOW MAX | F92: CERVEZA | G92: ROGELIO CURIEL | H92: 30 | I92: PROSPECTO | P92: 200 | Q92: 200 | R92: 200 | S92: 200 | T92: 200 | U92: 200 | V92: 1200 | X92: 0 | Y92: 0 | Z92: 0 | AA92: 0 | AB92: 0 | AC92: 0 | AD92: 6000 | AE92: 6000 | AF92: 6000 | AG92: 6000 | AH92: 6000 | AI92: 6000 | AJ92: 36000
A93: 89 | C93: KALSEC | E93: POR DEFINIR | F93: CERVEZA | G93: ROGELIO CURIEL | H93: 88.3 | I93: PROSPECTO | Q93: 400 | R93: 400 | S93: 400 | X93: 0 | Y93: 0 | Z93: 0 | AA93: 0 | AB93: 0 | AC93: 0 | AD93: 0 | AE93: 35320 | AF93: 35320 | AG93: 35320 | AH93: 0 | AI93: 0 | AJ93: 105960
A94: 90 | B94: 393 | C94: CERVECERIA CUAUHTEMOC MOCTEZUMA SA DE CV | D94: MP-0226 | E94: BIOREMOVE COD | F94: BACTERIAS | G94: ROGELIO CURIEL | H94: 444.45 | I94: PROSPECTO | J94: 2 | K94: 2 | L94: 2 | M94: 2 | N94: 2 | O94: 3 | P94: 3 | Q94: 3 | R94: 3 | S94: 3 | T94: 3 | U94: 3 | V94: 31 | X94: 888.9 | Y94: 888.9 | Z94: 888.9 | AA94: 888.9 | AB94: 888.9 | AC94: 1333.35 | AD94: 1333.35 | AE94: 1333.35 | AF94: 1333.35 | AG94: 1333.35 | AH94: 1333.35 | AI94: 1333.35 | AJ94: 13777.95
A95: 91 | C95: CERVECERIA CUAUHTEMOC MOCTEZUMA SA DE CV | D95: MP-0226 | E95: BIOREMOVE COD | F95: BACTERIAS | G95: ROGELIO CURIEL | H95: 444.45 | I95: PROSPECTO | K95: 2 | L95: 2 | M95: 5 | N95: 5 | O95: 6 | P95: 6 | Q95: 6 | R95: 6 | S95: 6 | T95: 6 | U95: 6 | V95: 56 | X95: 0 | Y95: 888.9 | Z95: 888.9 | AA95: 2222.25 | AB95: 2222.25 | AC95: 2666.7 | AD95: 2666.7 | AE95: 2666.7 | AF95: 2666.7 | AG95: 2666.7 | AH95: 2666.7 | AI95: 2666.7 | AJ95: 24889.2
A96: 92 | C96: MOLINOS AZTECA | D96: MP-0226 | E96: BIOREMOVE COD | F96: BACTERIAS | G96: ROGELIO CURIEL | H96: 444.1 | I96: PROSPECTO | M96: 2 | N96: 2 | O96: 2 | P96: 2 | Q96: 2 | R96: 2 | S96: 2 | T96: 2 | U96: 2 | V96: 18 | X96: 0 | Y96: 0 | Z96: 0 | AA96: 888.2 | AB96: 888.2 | AC96: 888.2 | AD96: 888.2 | AE96: 888.2 | AF96: 888.2 | AG96: 888.2 | AH96: 888.2 | AI96: 888.2 | AJ96: 7993.8
A97: 93 | C97: MOLINOS AZTECA | E97: BGMAX 3000 | F97: BACTERIAS | G97: ROGELIO CURIEL | H97: 654 | I97: PROSPECTO | M97: 3 | N97: 3 | O97: 3 | P97: 3 | Q97: 3 | R97: 3 | S97: 3 | T97: 3 | U97: 3 | V97: 27 | X97: 0 | Y97: 0 | Z97: 0 | AA97: 1962 | AB97: 1962 | AC97: 1962 | AD97: 1962 | AE97: 1962 | AF97: 1962 | AG97: 1962 | AH97: 1962 | AI97: 1962 | AJ97: 17658
A98: 94 | C98: MOLINOS AZTECA | E98: BIOREMOVE FOG BOOST | F98: BACTERIAS | G98: ROGELIO CURIEL | H98: 390 | I98: PROSPECTO | J98: 2 | K98: 2 | L98: 2 | M98: 2 | N98: 2 | O98: 2 | P98: 2 | Q98: 2 | R98: 2 | S98: 2 | T98: 2 | U98: 2 | V98: 24 | X98: 780 | Y98: 780 | Z98: 780 | AA98: 780 | AB98: 780 | AC98: 780 | AD98: 780 | AE98: 780 | AF98: 780 | AG98: 780 | AH98: 780 | AI98: 780 | AJ98: 9360
A99: 95 | C99: MOLINOS AZTECA | E99: BIOQUICK 5140 | F99: BACTERIAS | G99: ROGELIO CURIEL | H99: 250 | I99: PROSPECTO | J99: 2 | K99: 2 | L99: 2 | M99: 2 | N99: 2 | O99: 2 | P99: 2 | Q99: 2 | R99: 2 | S99: 2 | T99: 2 | U99: 2 | V99: 24 | X99: 500 | Y99: 500 | Z99: 500 | AA99: 500 | AB99: 500 | AC99: 500 | AD99: 500 | AE99: 500 | AF99: 500 | AG99: 500 | AH99: 500 | AI99: 500 | AJ99: 6000
A100: 96 | B100: 144 | C100: SUELAS WYNY SA DE CV | D100: 122 | E100: BIOTEC PL | F100: CURTIDURIA | G100: ROGELIO CURIEL | H100: 2.85 | I100: PROSPECTO | N100: 200 | O100: 200 | P100: 200 | Q100: 200 | R100: 200 | S100: 200 | T100: 200 | V100: 1400 | X100: 0 | Y100: 0 | Z100: 0 | AA100: 0 | AB100: 570 | AC100: 570 | AD100: 570 | AE100: 570 | AF100: 570 | AG100: 570 | AH100: 570 | AI100: 0 | AJ100: 3990
A101: 97 | B101: 389 | C101: QUÍMICOS VEMONT | D101: PT-0210 | E101: BIOTEC RB PLUS | F101: CURTIDURIA | G101: ROGELIO CURIEL | H101: 38.88 | I101: PROSPECTO | M101: 25 | R101: 25 | V101: 50 | X101: 0 | Y101: 0 | Z101: 0 | AA101: 972 | AB101: 0 | AC101: 0 | AD101: 0 | AE101: 0 | AF101: 972 | AG101: 0 | AH101: 0 | AI101: 0 | AJ101: 1944
A102: 98 | C102: QUÍMICA SCHNEIDER | E102: BIOPROT AL 2.4L | F102: CURTIDURIA | G102: ROGELIO CURIEL | H102: 24 | I102: PROSPECTO | P102: 100 | Q102: 100 | R102: 100 | S102: 100 | T102: 100 | U102: 100 | V102: 600 | X102: 0 | Y102: 0 | Z102: 0 | AB102: 0 | AC102: 0 | AD102: 2400 | AE102: 2400 | AF102: 2400 | AG102: 2400 | AH102: 2400 | AI102: 2400 | AJ102: 14400
A103: 99 | B103: 527 | C103: PICSA DE MEXICO INTERNACIONAL | E103: BIOHEMIZYME PANZ | F103: PAN | G103: ROGELIO CURIEL | H103: 60 | I103: PROSPECTO | Q103: 20 | X103: 0 | Y103: 0 | Z103: 0 | AA103: 0 | AB103: 0 | AC103: 0 | AD103: 0 | AE103: 1200 | AF103: 0 | AG103: 0 | AH103: 0 | AI103: 0 | AJ103: 1200
...

Sheet ROGELIO 2026
A3: CLAVE | B3: NOMBRE DEL CLIENTE | C3: CLAVE DEL PRODUCTO SKU | D3: PRODUCTO | E3: AREA | F3: VENDEDOR | G3: PRECIO UNITARIO EN DÓLARES | H3: TIPO | I3: ENERO | J3: FEBRERO | K3: MARZO | L3: ABRIL | M3: MAYO | N3: JUNIO | O3: JULIO | P3: AGOSTO | Q3: SEPTIEMBRE | R3: OCTUBRE | S3: NOVIEMBRE | T3: DICIEMBRE | U3: TOTAL | W3: ENERO | X3: FEBRERO | Y3: MARZO | Z3: ABRIL | AA3: MAYO | AB3: JUNIO | AC3: JULIO | AD3: AGOSTO | AE3: SEPTIEMBRE | AF3: OCTUBRE | AG3: NOVIEMBRE | AH3: DICIEMBRE | AI3: TOTAL | AJ3: TOTAL CLIENTE (PLANTA) | AK3: TOTAL CLIENTE (GLOBAL) | AL3: TOTAL INDUSTRIA
A4: =IF(ISERROR(VLOOKUP(B4,[2]CLIENTES!$C$2:$G$156,5,0)),"",(VLOOKUP(B4,[2]CLIENTES!$C$2:$G$156,5,0))) -> 28 | B4: CERVECERIA CUAUHTEMOC MOCTEZUMA SA DE CV | C4: MP-0308 | D4: ULTRAFLO PRIME CONTENEDOR | E4: CERVEZA | F4: ROGELIO CURIEL | G4: 28.78 | H4: PRESUPUESTO | J4: 2000 | M4: 2000 | P4: 1000 | S4: 1000 | U4: =SUM(I4:T4) -> 6000 | W4: =+$G4*I4 -> 0 | X4: =+$G4*J4 -> 57560 | Y4: =+$G4*K4 -> 0 | Z4: =+$G4*L4 -> 0 | AA4: =+$G4*M4 -> 57560 | AB4: =+$G4*N4 -> 0 | AC4: =+$G4*O4 -> 0 | AD4: =+$G4*P4 -> 28780 | ... AH4: =+$G4*T4 -> 0 | AI4: =SUM(W4:AH4) -> 172680
A5: =IF(ISERROR(VLOOKUP(B5,[2]CLIENTES!$C$2:$G$156,5,0)),"",(VLOOKUP(B5,[2]CLIENTES!$C$2:$G$156,5,0))) -> 28 | B5: CERVECERIA CUAUHTEMOC MOCTEZUMA SA DE CV | C5: MP-0316 | D5: ATTENUZYME PRIME CONTENEDOR | E5: CERVEZA | F5: ROGELIO CURIEL | G5: 25.75 | H5: PRESUPUESTO | I5: 2200 | J5: 2200 | K5: 2200 | L5: 2200 | M5: 2200 | N5: 2200 | O5: 2200 | P5: 1100 | Q5: 1100 | R5: 1100 | S5: 1100 | T5: 1100 | U5: =SUM(I5:T5) -> 20900 | W5: =+$G5*I5 -> 56650 | X5: =+$G5*J5 -> 56650 | Y5: =+$G5*K5 -> 56650 | Z5: =+$G5*L5 -> 56650 | AA5: =+$G5*M5 -> 56650 | AB5: =+$G5*N5 -> 56650 | AC5: =+$G5*O5 -> 56650 | AD5: =+$G5*P5 -> 28325 | ... AH5: =+$G5*T5 -> 28325 | AI5: =SUM(W5:AH5) -> 538175
A6: =IF(ISERROR(VLOOKUP(B6,[2]CLIENTES!$C$2:$G$156,5,0)),"",(VLOOKUP(B6,[2]CLIENTES!$C$2:$G$156,5,0))) -> 28 | B6: CERVECERIA CUAUHTEMOC MOCTEZUMA SA DE CV | C6: =IF(ISERROR(VLOOKUP(D6,[2]PRODUCTOS!$B$2:$J$800,9,0)),"",(VLOOKUP(D6,[2]PRODUCTOS!$B$2:$J$800,9,0))) -> 169 | D6: CEREMIX PLUS MG | E6: CERVEZA | F6: ROGELIO CURIEL | G6: 16.9 | H6: PRESUPUESTO | J6: 2200 | M6: 2000 | P6: 2000 | S6: 2000 | U6: =SUM(I6:T6) -> 8200 | W6: =+$G6*I6 -> 0 | X6: =+$G6*J6 -> 37180 | Y6: =+$G6*K6 -> 0 | Z6: =+$G6*L6 -> 0 | AA6: =+$G6*M6 -> 33800 | AB6: =+$G6*N6 -> 0 | AC6: =+$G6*O6 -> 0 | AD6: =+$G6*P6 -> 33800 | ... AH6: =+$G6*T6 -> 0 | AI6: =SUM(W6:AH6) -> 138580
A7: =IF(ISERROR(VLOOKUP(B7,[2]CLIENTES!$C$2:$G$156,5,0)),"",(VLOOKUP(B7,[2]CLIENTES!$C$2:$G$156,5,0))) -> 28 | B7: CERVECERIA CUAUHTEMOC MOCTEZUMA SA DE CV | C7: CON-0246 | D7: TERMAMYL SC 4X CONTENEDOR 1200 KG | E7: CERVEZA | F7: ROGELIO CURIEL | G7: 12.73 | H7: PRESUPUESTO | J7: 1200 | P7: 1200 | U7: =SUM(I7:T7) -> 2400 | W7: =+$G7*I7 -> 0 | X7: =+$G7*J7 -> 15276 | Y7: =+$G7*K7 -> 0 | Z7: =+$G7*L7 -> 0 | AA7: =+$G7*M7 -> 0 | AB7: =+$G7*N7 -> 0 | AC7: =+$G7*O7 -> 0 | AD7: =+$G7*P7 -> 15276 | ... AH7: =+$G7*T7 -> 0 | AI7: =SUM(W7:AH7) -> 30552
A8: =IF(ISERROR(VLOOKUP(B8,[2]CLIENTES!$C$2:$G$156,5,0)),"",(VLOOKUP(B8,[2]CLIENTES!$C$2:$G$156,5,0))) -> 28 | B8: CERVECERIA CUAUHTEMOC MOCTEZUMA SA DE CV | C8: MP-0184 | D8: MATUREX PRO | E8: CERVEZA | F8: ROGELIO CURIEL | G8: 81.36 | H8: PRESUPUESTO | I8: 180 | K8: 180 | M8: 180 | O8: 170 | Q8: 160 | S8: 160 | U8: =SUM(I8:T8) -> 1030 | W8: =+$G8*I8 -> 14644.8 | X8: =+$G8*J8 -> 0 | Y8: =+$G8*K8 -> 14644.8 | Z8: =+$G8*L8 -> 0 | AA8: =+$G8*M8 -> 14644.8 | AB8: =+$G8*N8 -> 0 | AC8: =+$G8*O8 -> 13831.2 | AD8: =+$G8*P8 -> 0 | ... AH8: =+$G8*T8 -> 0 | AI8: =SUM(W8:AH8) -> 83800.8 | AJ8: =SUM(AI4:AI8) -> 963787.8
A9: 29 | B9: CERVECERIA CUAUHTEMOC MOCTEZUMA SA DE CV | C9: MP-0268 | D9: ULTRAFLO PRIME | E9: CERVEZA | F9: ROGELIO CURIEL | G9: 28.78 | H9: PRESUPUESTO | I9: 475 | L9: 475 | O9: 475 | R9: 475 | U9: =SUM(I9:T9) -> 1900 | W9: =+$G9*I9 -> 13670.5 | X9: =+$G9*J9 -> 0 | Y9: =+$G9*K9 -> 0 | Z9: =+$G9*L9 -> 13670.5 | AA9: =+$G9*M9 -> 0 | AB9: =+$G9*N9 -> 0 | AC9: =+$G9*O9 -> 13670.5 | AD9: =+$G9*P9 -> 0 | ... AH9: =+$G9*T9 -> 0 | AI9: =SUM(W9:AH9) -> 54682
A10: 29 | B10: CERVECERIA CUAUHTEMOC MOCTEZUMA SA DE CV | C10: MP-0317 | D10: ATTENUZYME PRIME | E10: CERVEZA | F10: ROGELIO CURIEL | G10: 25.75 | H10: PRESUPUESTO | I10: 1600 | L10: 1600 | O10: 1600 | R10: 1600 | U10: =SUM(I10:T10) -> 6400 | W10: =+$G10*I10 -> 41200 | X10: =+$G10*J10 -> 0 | Y10: =+$G10*K10 -> 0 | Z10: =+$G10*L10 -> 41200 | AA10: =+$G10*M10 -> 0 | AB10: =+$G10*N10 -> 0 | AC10: =+$G10*O10 -> 41200 | AD10: =+$G10*P10 -> 0 | ... AH10: =+$G10*T10 -> 0 | AI10: =SUM(W10:AH10) -> 164800
A11: 29 | B11: CERVECERIA CUAUHTEMOC MOCTEZUMA SA DE CV | C11: =IF(ISERROR(VLOOKUP(D11,[2]PRODUCTOS!$B$2:$J$800,9,0)),"",(VLOOKUP(D11,[2]PRODUCTOS!$B$2:$J$800,9,0))) -> 169 | D11: CEREMIX PLUS MG | E11: CERVEZA | F11: ROGELIO CURIEL | G11: 16.9 | H11: PRESUPUESTO | I11: 800 | L11: 800 | O11: 800 | R11: 600 | U11: =SUM(I11:T11) -> 3000 | W11: =+$G11*I11 -> 13520 | X11: =+$G11*J11 -> 0 | Y11: =+$G11*K11 -> 0 | Z11: =+$G11*L11 -> 13520 | AA11: =+$G11*M11 -> 0 | AB11: =+$G11*N11 -> 0 | AC11: =+$G11*O11 -> 13520 | AD11: =+$G11*P11 -> 0 | ... AH11: =+$G11*T11 -> 0 | AI11: =SUM(W11:AH11) -> 50700
A12: 29 | B12: CERVECERIA CUAUHTEMOC MOCTEZUMA SA DE CV | C12: MP-0184 | D12: MATUREX PRO | E12: CERVEZA | F12: ROGELIO CURIEL | G12: 81.36 | H12: PRESUPUESTO | I12: 60 | L12: 70 | O12: 70 | R12: 60 | U12: =SUM(I12:T12) -> 260 | W12: =+$G12*I12 -> 4881.6 | X12: =+$G12*J12 -> 0 | Y12: =+$G12*K12 -> 0 | Z12: =+$G12*L12 -> 5695.2 | AA12: =+$G12*M12 -> 0 | AB12: =+$G12*N12 -> 0 | AC12: =+$G12*O12 -> 5695.2 | AD12: =+$G12*P12 -> 0 | ... AH12: =+$G12*T12 -> 0 | AI12: =SUM(W12:AH12) -> 21153.6
A13: 29 | B13: CERVECERIA CUAUHTEMOC MOCTEZUMA SA DE CV | C13: MP-0246 | D13: TERMAMYL SC 4X PORRON 25 KG | E13: CERVEZA | F13: ROGELIO CURIEL | G13: 12.73 | H13: PRESUPUESTO | I13: 300 | L13: 300 | O13: 300 | R13: 300 | U13: =SUM(I13:T13) -> 1200 | W13: =+$G13*I13 -> 3819 | X13: =+$G13*J13 -> 0 | Y13: =+$G13*K13 -> 0 | Z13: =+$G13*L13 -> 3819 | AA13: =+$G13*M13 -> 0 | AB13: =+$G13*N13 -> 0 | AC13: =+$G13*O13 -> 3819 | AD13: =+$G13*P13 -> 0 | ... AH13: =+$G13*T13 -> 0 | AI13: =SUM(W13:AH13) -> 15276 | AJ13: =SUM(AI9:AI13) -> 306611.6
A14: 30 | B14: CERVECERIA CUAUHTEMOC MOCTEZUMA SA DE CV | C14: MP-0268 | D14: ULTRAFLO PRIME | E14: CERVEZA | F14: ROGELIO CURIEL | G14: 28.78 | H14: PRESUPUESTO | J14: 400 | M14: 400 | P14: 400 | U14: =SUM(I14:T14) -> 1200 | W14: =+$G14*I14 -> 0 | X14: =+$G14*J14 -> 11512 | Y14: =+$G14*K14 -> 0 | Z14: =+$G14*L14 -> 0 | AA14: =+$G14*M14 -> 11512 | AB14: =+$G14*N14 -> 0 | AC14: =+$G14*O14 -> 0 | AD14: =+$G14*P14 -> 11512 | ... AH14: =+$G14*T14 -> 0 | AI14: =SUM(W14:AH14) -> 34536
A15: 30 | B15: CERVECERIA CUAUHTEMOC MOCTEZUMA SA DE CV | C15: MP-0317 | D15: ATTENUZYME PRIME | E15: CERVEZA | F15: ROGELIO CURIEL | G15: 25.75 | H15: PRESUPUESTO | J15: 1000 | M15: 1000 | P15: 800 | S15: 600 | U15: =SUM(I15:T15) -> 3400 | W15: =+$G15*I15 -> 0 | X15: =+$G15*J15 -> 25750 | Y15: =+$G15*K15 -> 0 | Z15: =+$G15*L15 -> 0 | AA15: =+$G15*M15 -> 25750 | AB15: =+$G15*N15 -> 0 | AC15: =+$G15*O15 -> 0 | AD15: =+$G15*P15 -> 20600 | ... AH15: =+$G15*T15 -> 0 | AI15: =SUM(W15:AH15) -> 87550
A16: 30 | B16: CERVECERIA CUAUHTEMOC MOCTEZUMA SA DE CV | C16: =IF(ISERROR(VLOOKUP(D16,[2]PRODUCTOS!$B$2:$J$800,9,0)),"",(VLOOKUP(D16,[2]PRODUCTOS!$B$2:$J$800,9,0))) -> 169 | D16: CEREMIX PLUS MG | E16: CERVEZA | F16: ROGELIO CURIEL | G16: 16.9 | H16: PRESUPUESTO | J16: 600 | M16: 600 | P16: 600 | S16: 600 | U16: =SUM(I16:T16) -> 2400 | W16: =+$G16*I16 -> 0 | X16: =+$G16*J16 -> 10140 | Y16: =+$G16*K16 -> 0 | Z16: =+$G16*L16 -> 0 | AA16: =+$G16*M16 -> 10140 | AB16: =+$G16*N16 -> 0 | AC16: =+$G16*O16 -> 0 | AD16: =+$G16*P16 -> 10140 | ... AH16: =+$G16*T16 -> 0 | AI16: =SUM(W16:AH16) -> 40560
A17: 30 | B17: CERVECERIA CUAUHTEMOC MOCTEZUMA SA DE CV | C17: MP-0246 | D17: TERMAMYL SC 4X PORRON 25 KG | E17: CERVEZA | F17: ROGELIO CURIEL | G17: 12.73 | H17: PRESUPUESTO | P17: 400 | U17: =SUM(I17:T17) -> 400 | W17: =+$G17*I17 -> 0 | X17: =+$G17*J17 -> 0 | Y17: =+$G17*K17 -> 0 | Z17: =+$G17*L17 -> 0 | AA17: =+$G17*M17 -> 0 | AB17: =+$G17*N17 -> 0 | AC17: =+$G17*O17 -> 0 | AD17: =+$G17*P17 -> 5092 | ... AH17: =+$G17*T17 -> 0 | AI17: =SUM(W17:AH17) -> 5092 | AJ17: =SUM(AI14:AI17) -> 167738
A18: 31 | B18: CERVECERIA CUAUHTEMOC MOCTEZUMA SA DE CV | C18: MP-0308 | D18: ULTRAFLO PRIME CONTENEDOR | E18: CERVEZA | F18: ROGELIO CURIEL | G18: 28.78 | H18: PRESUPUESTO | J18: 2000 | M18: 2000 | P18: 1000 | S18: 1000 | U18: =SUM(I18:T18) -> 6000 | W18: =+$G18*I18 -> 0 | X18: =+$G18*J18 -> 57560 | Y18: =+$G18*K18 -> 0 | Z18: =+$G18*L18 -> 0 | AA18: =+$G18*M18 -> 57560 | AB18: =+$G18*N18 -> 0 | AC18: =+$G18*O18 -> 0 | AD18: =+$G18*P18 -> 28780 | ... AH18: =+$G18*T18 -> 0 | AI18: =SUM(W18:AH18) -> 172680
A19: 31 | B19: CERVECERIA CUAUHTEMOC MOCTEZUMA SA DE CV | C19: =IF(ISERROR(VLOOKUP(D19,[2]PRODUCTOS!$B$2:$J$800,9,0)),"",(VLOOKUP(D19,[2]PRODUCTOS!$B$2:$J$800,9,0))) -> 169 | D19: CEREMIX PLUS MG | E19: CERVEZA | F19: ROGELIO CURIEL | G19: 16.9 | H19: PRESUPUESTO | J19: 2400 | M19: 2400 | P19: 2400 | S19: 1200 | U19: =SUM(I19:T19) -> 8400 | W19: =+$G19*I19 -> 0 | X19: =+$G19*J19 -> 40560 | Y19: =+$G19*K19 -> 0 | Z19: =+$G19*L19 -> 0 | AA19: =+$G19*M19 -> 40560 | AB19: =+$G19*N19 -> 0 | AC19: =+$G19*O19 -> 0 | AD19: =+$G19*P19 -> 40560 | ... AH19: =+$G19*T19 -> 0 | AI19: =SUM(W19:AH19) -> 141960
A20: 31 | B20: CERVECERIA CUAUHTEMOC MOCTEZUMA SA DE CV | C20: MP-0184 | D20: MATUREX PRO | E20: CERVEZA | F20: ROGELIO CURIEL | G20: 81.36 | H20: PRESUPUESTO | J20: 840 | M20: 840 | P20: 840 | S20: 840 | U20: =SUM(I20:T20) -> 3360 | W20: =+$G20*I20 -> 0 | X20: =+$G20*J20 -> 68342.4 | Y20: =+$G20*K20 -> 0 | Z20: =+$G20*L20 -> 0 | AA20: =+$G20*M20 -> 68342.4 | AB20: =+$G20*N20 -> 0 | AC20: =+$G20*O20 -> 0 | AD20: =+$G20*P20 -> 68342.4 | ... AH20: =+$G20*T20 -> 0 | AI20: =SUM(W20:AH20) -> 273369.6
A21: 31 | B21: CERVECERIA CUAUHTEMOC MOCTEZUMA SA DE CV | C21: CON-0246 | D21: TERMAMYL SC 4X CONTENEDOR 1200 KG | E21: CERVEZA | F21: ROGELIO CURIEL | G21: 12.73 | H21: PRESUPUESTO | J21: 1200 | M21: 1200 | P21: 1200 | S21: 1200 | U21: =SUM(I21:T21) -> 4800 | W21: =+$G21*I21 -> 0 | X21: =+$G21*J21 -> 15276 | Y21: =+$G21*K21 -> 0 | Z21: =+$G21*L21 -> 0 | AA21: =+$G21*M21 -> 15276 | AB21: =+$G21*N21 -> 0 | AC21: =+$G21*O21 -> 0 | AD21: =+$G21*P21 -> 15276 | ... AH21: =+$G21*T21 -> 0 | AI21: =SUM(W21:AH21) -> 61104 | AJ21: =SUM(AI18:AI21) -> 649113.6
A22: 32 | B22: CERVECERIA CUAUHTEMOC MOCTEZUMA SA DE CV | C22: =IF(ISERROR(VLOOKUP(D22,[2]PRODUCTOS!$B$2:$J$800,9,0)),"",(VLOOKUP(D22,[2]PRODUCTOS!$B$2:$J$800,9,0))) -> MP-0044 | D22: ULTRAFLO MAX CONTENEDOR | E22: CERVEZA | F22: ROGELIO CURIEL | G22: 26.54 | H22: PRESUPUESTO | J22: 1000 | M22: 1000 | P22: 1000 | S22: 1000 | U22: =SUM(I22:T22) -> 4000 | W22: =+$G22*I22 -> 0 | X22: =+$G22*J22 -> 26540 | Y22: =+$G22*K22 -> 0 | Z22: =+$G22*L22 -> 0 | AA22: =+$G22*M22 -> 26540 | AB22: =+$G22*N22 -> 0 | AC22: =+$G22*O22 -> 0 | AD22: =+$G22*P22 -> 26540 | ... AH22: =+$G22*T22 -> 0 | AI22: =SUM(W22:AH22) -> 106160
A23: 32 | B23: CERVECERIA CUAUHTEMOC MOCTEZUMA SA DE CV | C23: MP-0316 | D23: ATTENUZYME PRIME CONTENEDOR | E23: CERVEZA | F23: ROGELIO CURIEL | G23: 25.75 | H23: PRESUPUESTO | S23: 1100 | U23: =SUM(I23:T23) -> 1100 | W23: =+$G23*I23 -> 0 | X23: =+$G23*J23 -> 0 | Y23: =+$G23*K23 -> 0 | Z23: =+$G23*L23 -> 0 | AA23: =+$G23*M23 -> 0 | AB23: =+$G23*N23 -> 0 | AC23: =+$G23*O23 -> 0 | AD23: =+$G23*P23 -> 0 | ... AH23: =+$G23*T23 -> 0 | AI23: =SUM(W23:AH23) -> 28325
A24: 32 | B24: CERVECERIA CUAUHTEMOC MOCTEZUMA SA DE CV | C24: =IF(ISERROR(VLOOKUP(D24,[2]PRODUCTOS!$B$2:$J$800,9,0)),"",(VLOOKUP(D24,[2]PRODUCTOS!$B$2:$J$800,9,0))) -> 169 | D24: CEREMIX PLUS MG | E24: CERVEZA | F24: ROGELIO CURIEL | G24: 16.9 | H24: PRESUPUESTO | J24: 720 | M24: 720 | P24: 720 | S24: 720 | U24: =SUM(I24:T24) -> 2880 | W24: =+$G24*I24 -> 0 | X24: =+$G24*J24 -> 12168 | Y24: =+$G24*K24 -> 0 | Z24: =+$G24*L24 -> 0 | AA24: =+$G24*M24 -> 12168 | AB24: =+$G24*N24 -> 0 | AC24: =+$G24*O24 -> 0 | AD24: =+$G24*P24 -> 12168 | ... AH24: =+$G24*T24 -> 0 | AI24: =SUM(W24:AH24) -> 48672
A25: 32 | B25: CERVECERIA CUAUHTEMOC MOCTEZUMA SA DE CV | C25: MP-0184 | D25: MATUREX PRO | E25: CERVEZA | F25: ROGELIO CURIEL | G25: 81.36 | H25: PRESUPUESTO | P25: 40 | U25: =SUM(I25:T25) -> 40 | W25: =+$G25*I25 -> 0 | X25: =+$G25*J25 -> 0 | Y25: =+$G25*K25 -> 0 | Z25: =+$G25*L25 -> 0 | AA25: =+$G25*M25 -> 0 | AB25: =+$G25*N25 -> 0 | AC25: =+$G25*O25 -> 0 | AD25: =+$G25*P25 -> 3254.4 | ... AH25: =+$G25*T25 -> 0 | AI25: =SUM(W25:AH25) -> 3254.4
A26: 32 | B26: CERVECERIA CUAUHTEMOC MOCTEZUMA SA DE CV | C26: CON-0343 | D26: TERMAMYL SC DS CONTENEDOR 1200 KG | E26: CERVEZA | F26: ROGELIO CURIEL | G26: 12.98 | H26: PRESUPUESTO | M26: 1200 | P26: 1200 | S26: 1200 | U26: =SUM(I26:T26) -> 3600 | W26: =+$G26*I26 -> 0 | X26: =+$G26*J26 -> 0 | Y26: =+$G26*K26 -> 0 | Z26: =+$G26*L26 -> 0 | AA26: =+$G26*M26 -> 15576 | AB26: =+$G26*N26 -> 0 | AC26: =+$G26*O26 -> 0 | AD26: =+$G26*P26 -> 15576 | ... AH26: =+$G26*T26 -> 0 | AI26: =SUM(W26:AH26) -> 46728 | AJ26: =SUM(AI22:AI26) -> 233139.4
A27: 33 | B27: CERVECERIA CUAUHTEMOC MOCTEZUMA SA DE CV | C27: MP-0268 | D27: ULTRAFLO PRIME | E27: CERVEZA | F27: ROGELIO CURIEL | G27: 28.78 | H27: PRESUPUESTO | I27: 660 | L27: 660 | O27: 660 | R27: 660 | U27: =SUM(I27:T27) -> 2640 | W27: =+$G27*I27 -> 18994.8 | X27: =+$G27*J27 -> 0 | Y27: =+$G27*K27 -> 0 | Z27: =+$G27*L27 -> 18994.8 | AA27: =+$G27*M27 -> 0 | AB27: =+$G27*N27 -> 0 | AC27: =+$G27*O27 -> 18994.8 | AD27: =+$G27*P27 -> 0 | ... AH27: =+$G27*T27 -> 0 | AI27: =SUM(W27:AH27) -> 75979.2
A28: 33 | B28: CERVECERIA CUAUHTEMOC MOCTEZUMA SA DE CV | C28: MP-0317 | D28: ATTENUZYME PRIME | E28: CERVEZA | F28: ROGELIO CURIEL | G28: 25.75 | H28: PRESUPUESTO | I28: 2500 | L28: 3000 | O28: 3000 | R28: 2500 | U28: =SUM(I28:T28) -> 11000 | W28: =+$G28*I28 -> 64375 | X28: =+$G28*J28 -> 0 | Y28: =+$G28*K28 -> 0 | Z28: =+$G28*L28 -> 77250 | AA28: =+$G28*M28 -> 0 | AB28: =+$G28*N28 -> 0 | AC28: =+$G28*O28 -> 77250 | AD28: =+$G28*P28 -> 0 | ... AH28: =+$G28*T28 -> 0 | AI28: =SUM(W28:AH28) -> 283250
A29: 33 | B29: CERVECERIA CUAUHTEMOC MOCTEZUMA SA DE CV | C29: =IF(ISERROR(VLOOKUP(D29,[2]PRODUCTOS!$B$2:$J$800,9,0)),"",(VLOOKUP(D29,[2]PRODUCTOS!$B$2:$J$800,9,0))) -> 169 | D29: CEREMIX PLUS MG | E29: CERVEZA | F29: ROGELIO CURIEL | G29: 16.9 | H29: PRESUPUESTO | I29: 1000 | L29: 800 | O29: 800 | R29: 800 | U29: =SUM(I29:T29) -> 3400 | W29: =+$G29*I29 -> 16900 | X29: =+$G29*J29 -> 0 | Y29: =+$G29*K29 -> 0 | Z29: =+$G29*L29 -> 13520 | AA29: =+$G29*M29 -> 0 | AB29: =+$G29*N29 -> 0 | AC29: =+$G29*O29 -> 13520 | AD29: =+$G29*P29 -> 0 | ... AH29: =+$G29*T29 -> 0 | AI29: =SUM(W29:AH29) -> 57460
A30: 33 | B30: CERVECERIA CUAUHTEMOC MOCTEZUMA SA DE CV | C30: MP-0184 | D30: MATUREX PRO | E30: CERVEZA | F30: ROGELIO CURIEL | G30: 81.36 | H30: PRESUPUESTO | I30: 900 | L30: 900 | O30: 900 | R30: 900 | U30: =SUM(I30:T30) -> 3600 | W30: =+$G30*I30 -> 73224 | X30: =+$G30*J30 -> 0 | Y30: =+$G30*K30 -> 0 | Z30: =+$G30*L30 -> 73224 | AA30: =+$G30*M30 -> 0 | AB30: =+$G30*N30 -> 0 | AC30: =+$G30*O30 -> 73224 | AD30: =+$G30*P30 -> 0 | ... AH30: =+$G30*T30 -> 0 | AI30: =SUM(W30:AH30) -> 292896
A31: 33 | B31: CERVECERIA CUAUHTEMOC MOCTEZUMA SA DE CV | C31: MP-0246 | D31: TERMAMYL SC 4X PORRON 25 KG | E31: CERVEZA | F31: ROGELIO CURIEL | G31: 12.73 | H31: PRESUPUESTO | I31: 400 | L31: 400 | O31: 350 | R31: 300 | U31: =SUM(I31:T31) -> 1450 | W31: =+$G31*I31 -> 5092 | X31: =+$G31*J31 -> 0 | Y31: =+$G31*K31 -> 0 | Z31: =+$G31*L31 -> 5092 | AA31: =+$G31*M31 -> 0 | AB31: =+$G31*N31 -> 0 | AC31: =+$G31*O31 -> 4455.5 | AD31: =+$G31*P31 -> 0 | ... AH31: =+$G31*T31 -> 0 | AI31: =SUM(W31:AH31) -> 18458.5 | AJ31: =SUM(AI27:AI31) -> 728043.7
A32: 337 | B32: CERVECERIA CUAUHTEMOC MOCTEZUMA SA DE CV | C32: =IF(ISERROR(VLOOKUP(D32,[2]PRODUCTOS!$B$2:$J$800,9,0)),"",(VLOOKUP(D32,[2]PRODUCTOS!$B$2:$J$800,9,0))) -> MP-0044 | D32: ULTRAFLO MAX CONTENEDOR | E32: CERVEZA | F32: ROGELIO CURIEL | G32: 26.54 | H32: PRESUPUESTO | J32: 1000 | L32: 1000 | O32: 1000 | R32: 1000 | U32: =SUM(I32:T32) -> 4000 | W32: =+$G32*I32 -> 0 | X32: =+$G32*J32 -> 26540 | Y32: =+$G32*K32 -> 0 | Z32: =+$G32*L32 -> 26540 | AA32: =+$G32*M32 -> 0 | AB32: =+$G32*N32 -> 0 | AC32: =+$G32*O32 -> 26540 | AD32: =+$G32*P32 -> 0 | ... AH32: =+$G32*T32 -> 0 | AI32: =SUM(W32:AH32) -> 106160
A33: 337 | B33: CERVECERIA CUAUHTEMOC MOCTEZUMA SA DE CV | C33: MP-0316 | D33: ATTENUZYME PRIME CONTENEDOR | E33: CERVEZA | F33: ROGELIO CURIEL | G33: 25.75 | H33: PRESUPUESTO | J33: 4400 | L33: 4400 | O33: 3300 | R33: 3300 | U33: =SUM(I33:T33) -> 15400 | W33: =+$G33*I33 -> 0 | X33: =+$G33*J33 -> 113300 | Y33: =+$G33*K33 -> 0 | Z33: =+$G33*L33 -> 113300 | AA33: =+$G33*M33 -> 0 | AB33: =+$G33*N33 -> 0 | AC33: =+$G33*O33 -> 84975 | AD33: =+$G33*P33 -> 0 | ... AH33: =+$G33*T33 -> 0 | AI33: =SUM(W33:AH33) -> 396550
A34: 337 | B34: CERVECERIA CUAUHTEMOC MOCTEZUMA SA DE CV | C34: =IF(ISERROR(VLOOKUP(D34,[2]PRODUCTOS!$B$2:$J$800,9,0)),"",(VLOOKUP(D34,[2]PRODUCTOS!$B$2:$J$800,9,0))) -> 169 | D34: CEREMIX PLUS MG | E34: CERVEZA | F34: ROGELIO CURIEL | G34: 16.9 | H34: PRESUPUESTO | L34: 750 | O34: 750 | R34: 750 | U34: =SUM(I34:T34) -> 2250 | W34: =+$G34*I34 -> 0 | X34: =+$G34*J34 -> 0 | Y34: =+$G34*K34 -> 0 | Z34: =+$G34*L34 -> 12675 | AA34: =+$G34*M34 -> 0 | AB34: =+$G34*N34 -> 0 | AC34: =+$G34*O34 -> 12675 | AD34: =+$G34*P34 -> 0 | ... AH34: =+$G34*T34 -> 0 | AI34: =SUM(W34:AH34) -> 38025
A35: 337 | B35: CERVECERIA CUAUHTEMOC MOCTEZUMA SA DE CV | C35: CON-0343 | D35: TERMAMYL SC DS CONTENEDOR 1200 KG | E35: CERVEZA | F35: ROGELIO CURIEL | G35: 12.98 | H35: PRESUPUESTO | J35: 1200 | R35: 1200 | U35: =SUM(I35:T35) -> 2400 | W35: =+$G35*I35 -> 0 | X35: =+$G35*J35 -> 15576 | Y35: =+$G35*K35 -> 0 | Z35: =+$G35*L35 -> 0 | AA35: =+$G35*M35 -> 0 | AB35: =+$G35*N35 -> 0 | AC35: =+$G35*O35 -> 0 | AD35: =+$G35*P35 -> 0 | ... AH35: =+$G35*T35 -> 0 | AI35: =SUM(W35:AH35) -> 31152 | AJ35: =SUM(AI32:AI35) -> 571887
A36: 342 | B36: RED STRIPE | C36: MP-0184 | D36: MATUREX PRO | E36: CERVEZA | F36: ROGELIO CURIEL | G36: 81.36 | H36: PRESUPUESTO | K36: 200 | Q36: 250 | U36: =SUM(I36:T36) -> 450 | W36: =+$G36*I36 -> 0 | X36: =+$G36*J36 -> 0 | Y36: =+$G36*K36 -> 16272 | Z36: =+$G36*L36 -> 0 | AA36: =+$G36*M36 -> 0 | AB36: =+$G36*N36 -> 0 | AC36: =+$G36*O36 -> 0 | AD36: =+$G36*P36 -> 0 | ... AH36: =+$G36*T36 -> 0 | AI36: =SUM(W36:AH36) -> 36612 | AJ36: =AI36 -> 36612
A37: 393 | B37: CERVECERIA CUAUHTEMOC MOCTEZUMA SA DE CV | C37: MP-0268 | D37: ULTRAFLO PRIME | E37: CERVEZA | F37: ROGELIO CURIEL | G37: 28.78 | H37: PRESUPUESTO | I37: 1100 | J37: 1100 | K37: 1100 | L37: 1100 | M37: 1100 | N37: 1100 | O37: 1100 | P37: 1100 | Q37: 1100 | R37: 1100 | S37: 1100 | T37: 1100 | U37: =SUM(I37:T37) -> 13200 | W37: =+$G37*I37 -> 31658 | X37: =+$G37*J37 -> 31658 | Y37: =+$G37*K37 -> 31658 | Z37: =+$G37*L37 -> 31658 | AA37: =+$G37*M37 -> 31658 | AB37: =+$G37*N37 -> 31658 | AC37: =+$G37*O37 -> 31658 | AD37: =+$G37*P37 -> 31658 | ... AH37: =+$G37*T37 -> 31658 | AI37: =SUM(W37:AH37) -> 379896 | AJ37: =AI37 -> 379896
A38: 436 | B38: CERVECERIA PANAMA, S.A. | C38: MP-0184 | D38: MATUREX PRO | E38: CERVEZA | F38: ROGELIO CURIEL | G38: 81.36 | H38: PRESUPUESTO | I38: 40 | J38: 40 | K38: 40 | L38: 40 | M38: 40 | N38: 40 | O38: 40 | P38: 40 | Q38: 40 | R38: 40 | S38: 40 | T38: 40 | U38: =SUM(I38:T38) -> 480 | W38: =+$G38*I38 -> 3254.4 | X38: =+$G38*J38 -> 3254.4 | Y38: =+$G38*K38 -> 3254.4 | Z38: =+$G38*L38 -> 3254.4 | AA38: =+$G38*M38 -> 3254.4 | AB38: =+$G38*N38 -> 3254.4 | AC38: =+$G38*O38 -> 3254.4 | AD38: =+$G38*P38 -> 3254.4 | ... AH38: =+$G38*T38 -> 3254.4 | AI38: =SUM(W38:AH38) -> 39052.8 | AJ38: =AI38 -> 39052.8
A39: 500 | B39: HEINEKEN PERU SAC | C39: POR-0352 | D39: ULTRAFLO MAX | E39: CERVEZA | F39: ROGELIO CURIEL | G39: 26.54 | H39: PRESUPUESTO | K39: 50 | R39: 50 | U39: =SUM(I39:T39) -> 100 | W39: =+$G39*I39 -> 0 | X39: =+$G39*J39 -> 0 | Y39: =+$G39*K39 -> 1327 | Z39: =+$G39*L39 -> 0 | AA39: =+$G39*M39 -> 0 | AB39: =+$G39*N39 -> 0 | AC39: =+$G39*O39 -> 0 | AD39: =+$G39*P39 -> 0 | ... AH39: =+$G39*T39 -> 0 | AI39: =SUM(W39:AH39) -> 2654
A40: 500 | B40: HEINEKEN PERU SAC | C40: =IF(ISERROR(VLOOKUP(D40,[2]PRODUCTOS!$B$2:$J$800,9,0)),"",(VLOOKUP(D40,[2]PRODUCTOS!$B$2:$J$800,9,0))) -> MP-0066 | D40: ATTENUZYME PRO | E40: CERVEZA | F40: ROGELIO CURIEL | G40: 13.6 | H40: PRESUPUESTO | I40: 50 | M40: 50 | Q40: 50 | T40: 50 | U40: =SUM(I40:T40) -> 200 | W40: =+$G40*I40 -> 680 | X40: =+$G40*J40 -> 0 | Y40: =+$G40*K40 -> 0 | Z40: =+$G40*L40 -> 0 | AA40: =+$G40*M40 -> 680 | AB40: =+$G40*N40 -> 0 | AC40: =+$G40*O40 -> 0 | AD40: =+$G40*P40 -> 0 | ... AH40: =+$G40*T40 -> 680 | AI40: =SUM(W40:AH40) -> 2720
A41: 500 | B41: HEINEKEN PERU SAC | C41: MP-0246 | D41: TERMAMYL SC 4X PORRON 25 KG | E41: CERVEZA | F41: ROGELIO CURIEL | G41: 12.73 | H41: PRESUPUESTO | K41: 25 | R41: 25 | U41: =SUM(I41:T41) -> 50 | W41: =+$G41*I41 -> 0 | X41: =+$G41*J41 -> 0 | Y41: =+$G41*K41 -> 318.25 | Z41: =+$G41*L41 -> 0 | AA41: =+$G41*M41 -> 0 | AB41: =+$G41*N41 -> 0 | AC41: =+$G41*O41 -> 0 | AD41: =+$G41*P41 -> 0 | ... AH41: =+$G41*T41 -> 0 | AI41: =SUM(W41:AH41) -> 636.5 | AJ41: =SUM(AI39:AI41) -> 6010.5 | AK41: =SUM(AI4:AI41) -> 4081892.4
A42: 392 | B42: CI CERVEZA GmbH. | C42: CON-0066 | D42: ATTENUZYME PRO | E42: CERVEZA | F42: ROGELIO CURIEL | G42: 18.32 | H42: PRESUPUESTO | J42: 8800 | K42: 16500 | M42: 16500 | N42: 13200 | P42: 15400 | R42: 7700 | S42: 13200 | U42: =SUM(I42:T42) -> 91300 | W42: =+$G42*I42 -> 0 | X42: =+$G42*J42 -> 161216 | Y42: =+$G42*K42 -> 302280 | Z42: =+$G42*L42 -> 0 | AA42: =+$G42*M42 -> 302280 | AB42: =+$G42*N42 -> 241824 | AC42: =+$G42*O42 -> 0 | AD42: =+$G42*P42 -> 282128 | ... AH42: =+$G42*T42 -> 0 | AI42: =SUM(W42:AH42) -> 1672616
A43: 392 | B43: CI CERVEZA GmbH. | C43: CON-0343 | D43: TERMAMYL SC DS/CONTENEDOR | E43: CERVEZA | F43: ROGELIO CURIEL | G43: 18.3 | H43: PRESUPUESTO | I43: 8400 | K43: 8400 | M43: 8400 | N43: 8400 | P43: 4800 | R43: 7200 | S43: 6000 | U43: =SUM(I43:T43) -> 51600 | W43: =+$G43*I43 -> 153720 | X43: =+$G43*J43 -> 0 | Y43: =+$G43*K43 -> 153720 | Z43: =+$G43*L43 -> 0 | AA43: =+$G43*M43 -> 153720 | AB43: =+$G43*N43 -> 153720 | AC43: =+$G43*O43 -> 0 | AD43: =+$G43*P43 -> 87840 | ... AH43: =+$G43*T43 -> 0 | AI43: =SUM(W43:AH43) -> 944280
A44: 392 | B44: CI CERVEZA GmbH. | C44: MP-0044 | D44: ULTRAFLO MAX/CONTENEDOR | E44: CERVEZA | F44: ROGELIO CURIEL | G44: 30.64 | H44: PRESUPUESTO | I44: 8000 | K44: 10000 | M44: 11000 | P44: 13000 | S44: 13000 | U44: =SUM(I44:T44) -> 55000 | W44: =+$G44*I44 -> 245120 | X44: =+$G44*J44 -> 0 | Y44: =+$G44*K44 -> 306400 | Z44: =+$G44*L44 -> 0 | AA44: =+$G44*M44 -> 337040 | AB44: =+$G44*N44 -> 0 | AC44: =+$G44*O44 -> 0 | AD44: =+$G44*P44 -> 398320 | ... AH44: =+$G44*T44 -> 0 | AI44: =SUM(W44:AH44) -> 1685200 | AJ44: =SUM(AI42:AI44) -> 4302096
A45: 392 | B45: CI CERVEZA GmbH. | C45: =IF(ISERROR(VLOOKUP(D45,[2]PRODUCTOS!$B$2:$J$800,9,0)),"",(VLOOKUP(D45,[2]PRODUCTOS!$B$2:$J$800,9,0))) -> POR-0343 | D45: TERMAMYL SC DS PORRON 30 KG | E45: CERVEZA | F45: ROGELIO CURIEL | G45: 18.3 | H45: PRESUPUESTO | J45: 3600 | L45: 3600 | N45: 3600 | P45: 3600 | R45: 3600 | T45: 3600 | U45: =SUM(I45:T45) -> 21600 | W45: =+$G45*I45 -> 0 | X45: =+$G45*J45 -> 65880 | Y45: =+$G45*K45 -> 0 | Z45: =+$G45*L45 -> 65880 | AA45: =+$G45*M45 -> 0 | AB45: =+$G45*N45 -> 65880 | AC45: =+$G45*O45 -> 0 | AD45: =+$G45*P45 -> 65880 | ... AH45: =+$G45*T45 -> 65880 | AI45: =SUM(W45:AH45) -> 395280
A46: 392 | B46: CI CERVEZA GmbH. | C46: POR-0352 | D46: ULTRAFLO MAX | E46: CERVEZA | F46: ROGELIO CURIEL | G46: 30.64 | H46: PRESUPUESTO | J46: 5400 | M46: 5400 | P46: 5400 | S46: 5400 | U46: =SUM(I46:T46) -> 21600 | W46: =+$G46*I46 -> 0 | X46: =+$G46*J46 -> 165456 | Y46: =+$G46*K46 -> 0 | Z46: =+$G46*L46 -> 0 | AA46: =+$G46*M46 -> 165456 | AB46: =+$G46*N46 -> 0 | AC46: =+$G46*O46 -> 0 | AD46: =+$G46*P46 -> 165456 | ... AH46: =+$G46*T46 -> 0 | AI46: =SUM(W46:AH46) -> 661824 | AJ46: =SUM(AI45:AI46) -> 1057104 | AK46: =AJ46+AJ44 -> 5359200
A47: =IF(ISERROR(VLOOKUP(B47,[2]CLIENTES!$C$2:$G$156,5,0)),"",(VLOOKUP(B47,[2]CLIENTES!$C$2:$G$156,5,0))) -> 232 | B47: BANKS (BARBADOS) BREWERIES LTD | C47: =IF(ISERROR(VLOOKUP(D47,[2]PRODUCTOS!$B$2:$J$800,9,0)),"",(VLOOKUP(D47,[2]PRODUCTOS!$B$2:$J$800,9,0))) -> 169 | D47: CEREMIX PLUS MG | E47: CERVEZA | F47: ROGELIO CURIEL | G47: 19.15 | H47: PRESUPUESTO | K47: 100 | N47: 100 | Q47: 100 | U47: =SUM(I47:T47) -> 300 | W47: =+$G47*I47 -> 0 | X47: =+$G47*J47 -> 0 | Y47: =+$G47*K47 -> 1915 | Z47: =+$G47*L47 -> 0 | AA47: =+$G47*M47 -> 0 | AB47: =+$G47*N47 -> 1915 | AC47: =+$G47*O47 -> 0 | AD47: =+$G47*P47 -> 0 | ... AH47: =+$G47*T47 -> 0 | AI47: =SUM(W47:AH47) -> 5745
A48: =IF(ISERROR(VLOOKUP(B48,[2]CLIENTES!$C$2:$G$156,5,0)),"",(VLOOKUP(B48,[2]CLIENTES!$C$2:$G$156,5,0))) -> 232 | B48: BANKS (BARBADOS) BREWERIES LTD | C48: MP-0184 | D48: MATUREX PRO | E48: CERVEZA | F48: ROGELIO CURIEL | G48: 210 | H48: PRESUPUESTO | M48: 170 | S48: 170 | U48: =SUM(I48:T48) -> 340 | W48: =+$G48*I48 -> 0 | X48: =+$G48*J48 -> 0 | Y48: =+$G48*K48 -> 0 | Z48: =+$G48*L48 -> 0 | AA48: =+$G48*M48 -> 35700 | AB48: =+$G48*N48 -> 0 | AC48: =+$G48*O48 -> 0 | AD48: =+$G48*P48 -> 0 | ... AH48: =+$G48*T48 -> 0 | AI48: =SUM(W48:AH48) -> 71400 | AJ48: =AI47+AI48 -> 77145 | AK48: =AJ48 -> 77145
A49: =IF(ISERROR(VLOOKUP(B49,[2]CLIENTES!$C$2:$G$156,5,0)),"",(VLOOKUP(B49,[2]CLIENTES!$C$2:$G$156,5,0))) -> 238 | B49: ANSA MCAL TRADING, INC. | C49: =IF(ISERROR(VLOOKUP(D49,[2]PRODUCTOS!$B$2:$J$800,9,0)),"",(VLOOKUP(D49,[2]PRODUCTOS!$B$2:$J$800,9,0))) -> MP-0066 | D49: ATTENUZYME PRO | E49: CERVEZA | F49: ROGELIO CURIEL | G49: 32.52 | H49: PRESUPUESTO | J49: 600 | K49: 1200 | L49: 1800 | N49: 1800 | P49: 1200 | Q49: 1200 | S49: 1200 | U49: =SUM(I49:T49) -> 9000 | W49: =+$G49*I49 -> 0 | X49: =+$G49*J49 -> 19512 | Y49: =+$G49*K49 -> 39024 | Z49: =+$G49*L49 -> 58536 | AA49: =+$G49*M49 -> 0 | AB49: =+$G49*N49 -> 58536 | AC49: =+$G49*O49 -> 0 | AD49: =+$G49*P49 -> 39024 | ... AH49: =+$G49*T49 -> 0 | AI49: =SUM(W49:AH49) -> 292680
A50: =IF(ISERROR(VLOOKUP(B50,[2]CLIENTES!$C$2:$G$156,5,0)),"",(VLOOKUP(B50,[2]CLIENTES!$C$2:$G$156,5,0))) -> 238 | B50: ANSA MCAL TRADING, INC. | C50: POR-0352 | D50: ULTRAFLO MAX | E50: CERVEZA | F50: ROGELIO CURIEL | G50: 32.4 | H50: PRESUPUESTO | N50: 450 | U50: =SUM(I50:T50) -> 450 | W50: =+$G50*I50 -> 0 | X50: =+$G50*J50 -> 0 | Y50: =+$G50*K50 -> 0 | Z50: =+$G50*L50 -> 0 | AA50: =+$G50*M50 -> 0 | AB50: =+$G50*N50 -> 14580 | AC50: =+$G50*O50 -> 0 | AD50: =+$G50*P50 -> 0 | ... AH50: =+$G50*T50 -> 0 | AI50: =SUM(W50:AH50) -> 14580 | AJ50: =AI50+AI49 -> 307260 | AK50: =AJ50 -> 307260
A51: 495 | B51: CERVECERÍA CUBANA | C51: POR-0352 | D51: ULTRAFLO MAX | E51: CERVEZA | F51: ROGELIO CURIEL | G51: 32.45 | H51: PRESUPUESTO | M51: 400 | R51: 400 | U51: =SUM(I51:T51) -> 800 | W51: =+$G51*I51 -> 0 | X51: =+$G51*J51 -> 0 | Y51: =+$G51*K51 -> 0 | Z51: =+$G51*L51 -> 0 | AA51: =+$G51*M51 -> 12980 | AB51: =+$G51*N51 -> 0 | AC51: =+$G51*O51 -> 0 | AD51: =+$G51*P51 -> 0 | ... AH51: =+$G51*T51 -> 0 | AI51: =SUM(W51:AH51) -> 25960 | AJ51: =AI51 -> 25960 | AK51: =AJ51 -> 25960
A52: 429 | B52: CERVECERIA PRIMUS | C52: =IF(ISERROR(VLOOKUP(D52,[2]PRODUCTOS!$B$2:$J$800,9,0)),"",(VLOOKUP(D52,[2]PRODUCTOS!$B$2:$J$800,9,0))) -> 169 | D52: CEREMIX PLUS MG | E52: CERVEZA | F52: ROGELIO CURIEL | G52: 16.9 | H52: PRESUPUESTO | J52: 20 | R52: 20 | U52: =SUM(I52:T52) -> 40 | W52: =+$G52*I52 -> 0 | X52: =+$G52*J52 -> 338 | Y52: =+$G52*K52 -> 0 | Z52: =+$G52*L52 -> 0 | AA52: =+$G52*M52 -> 0 | AB52: =+$G52*N52 -> 0 | AC52: =+$G52*O52 -> 0 | AD52: =+$G52*P52 -> 0 | ... AH52: =+$G52*T52 -> 0 | AI52: =SUM(W52:AH52) -> 676 | AK52: =AJ52 -> 0
A53: 429 | B53: CERVECERIA PRIMUS | C53: POR-0352 | D53: ULTRAFLO MAX | E53: CERVEZA | F53: ROGELIO CURIEL | G53: 26.54 | H53: PRESUPUESTO | J53: 25 | R53: 25 | U53: =SUM(I53:T53) -> 50 | W53: =+$G53*I53 -> 0 | X53: =+$G53*J53 -> 663.5 | Y53: =+$G53*K53 -> 0 | Z53: =+$G53*L53 -> 0 | AA53: =+$G53*M53 -> 0 | AB53: =+$G53*N53 -> 0 | AC53: =+$G53*O53 -> 0 | AD53: =+$G53*P53 -> 0 | ... AH53: =+$G53*T53 -> 0 | AI53: =SUM(W53:AH53) -> 1327 | AK53: =AJ53 -> 0
A54: 429 | B54: CERVECERIA PRIMUS | C54: MP-0184 | D54: MATUREX PRO | E54: CERVEZA | F54: ROGELIO CURIEL | G54: 81.36 | H54: PRESUPUESTO | M54: 5 | R54: 5 | U54: =SUM(I54:T54) -> 10 | W54: =+$G54*I54 -> 0 | X54: =+$G54*J54 -> 0 | Y54: =+$G54*K54 -> 0 | Z54: =+$G54*L54 -> 0 | AA54: =+$G54*M54 -> 406.8 | AB54: =+$G54*N54 -> 0 | AC54: =+$G54*O54 -> 0 | AD54: =+$G54*P54 -> 0 | ... AH54: =+$G54*T54 -> 0 | AI54: =SUM(W54:AH54) -> 813.6 | AK54: =AJ54 -> 0
A55: 429 | B55: CERVECERIA PRIMUS | C55: MP-0305 | D55: POLYCLAR BREWBRITE | E55: CERVEZA | F55: ROGELIO CURIEL | G55: 68 | H55: PRESUPUESTO | J55: 24.95 | M55: 24.95 | O55: 24.95 | P55: 24.95 | T55: 24.95 | U55: =SUM(I55:T55) -> 124.75 | W55: =+$G55*I55 -> 0 | X55: =+$G55*J55 -> 1696.6 | Y55: =+$G55*K55 -> 0 | Z55: =+$G55*L55 -> 0 | AA55: =+$G55*M55 -> 1696.6 | AB55: =+$G55*N55 -> 0 | AC55: =+$G55*O55 -> 1696.6 | AD55: =+$G55*P55 -> 1696.6 | ... AH55: =+$G55*T55 -> 1696.6 | AI55: =SUM(W55:AH55) -> 8483 | AJ55: =SUM(AI52:AI55) -> 11299.6 | AK55: =AJ55 -> 11299.6
A56: 523 | B56: COMPAÑIA CERVECERA HERCULES | C56: RE-0045 | D56: BIOFLOW MAX | E56: CERVEZA | F56: ROGELIO CURIEL | G56: 42 | H56: PRESUPUESTO | I56: 25 | K56: 25 | M56: 25 | O56: 25 | Q56: 25 | T56: 25 | U56: =SUM(I56:T56) -> 150 | W56: =+$G56*I56 -> 1050 | X56: =+$G56*J56 -> 0 | Y56: =+$G56*K56 -> 1050 | Z56: =+$G56*L56 -> 0 | AA56: =+$G56*M56 -> 1050 | AB56: =+$G56*N56 -> 0 | AC56: =+$G56*O56 -> 1050 | AD56: =+$G56*P56 -> 0 | ... AH56: =+$G56*T56 -> 1050 | AI56: =SUM(W56:AH56) -> 6300
A57: 523 | B57: COMPAÑIA CERVECERA HERCULES | C57: PT-0204 | D57: AMYL LIGHT PRO | E57: CERVEZA | F57: ROGELIO CURIEL | G57: 19.5 | H57: PRESUPUESTO | K57: 25 | Q57: 25 | U57: =SUM(I57:T57) -> 50 | W57: =+$G57*I57 -> 0 | X57: =+$G57*J57 -> 0 | Y57: =+$G57*K57 -> 487.5 | Z57: =+$G57*L57 -> 0 | AA57: =+$G57*M57 -> 0 | AB57: =+$G57*N57 -> 0 | AC57: =+$G57*O57 -> 0 | AD57: =+$G57*P57 -> 0 | ... AH57: =+$G57*T57 -> 0 | AI57: =SUM(W57:AH57) -> 975
A58: 523 | B58: COMPAÑIA CERVECERA HERCULES | C58: MP-0318 | D58: TETRALONE PG (1 KG) | E58: CERVEZA | F58: ROGELIO CURIEL | G58: 263 | H58: PRESUPUESTO | I58: 3 | O58: 3 | U58: =SUM(I58:T58) -> 6 | W58: =+$G58*I58 -> 789 | X58: =+$G58*J58 -> 0 | Y58: =+$G58*K58 -> 0 | Z58: =+$G58*L58 -> 0 | AA58: =+$G58*M58 -> 0 | AB58: =+$G58*N58 -> 0 | AC58: =+$G58*O58 -> 789 | AD58: =+$G58*P58 -> 0 | ... AH58: =+$G58*T58 -> 0 | AI58: =SUM(W58:AH58) -> 1578 | AJ58: =SUM(AI56:AI58) -> 8853 | AK58: =SUM(AJ56:AJ58) -> 8853
A59: 413 | B59: MALTAS E INSUMOS CERVECEROS | C59: PT-0204 | D59: AMYL LIGHT PRO | E59: CERVEZA | F59: ROGELIO CURIEL | G59: 23.48 | H59: PRESUPUESTO | M59: 25 | R59: 25 | U59: =SUM(I59:T59) -> 50 | W59: =+$G59*I59 -> 0 | X59: =+$G59*J59 -> 0 | Y59: =+$G59*K59 -> 0 | Z59: =+$G59*L59 -> 0 | AA59: =+$G59*M59 -> 587 | AB59: =+$G59*N59 -> 0 | AC59: =+$G59*O59 -> 0 | AD59: =+$G59*P59 -> 0 | ... AH59: =+$G59*T59 -> 0 | AI59: =SUM(W59:AH59) -> 1174 | AJ59: =AI59 -> 1174 | AK59: =AJ59 -> 1174 | AL59: =SUM(AK4:AK59) -> 9872784
A60: 128 | B60: PRODUCTOS CURTIENTES SA DE CV | C60: PT-0019 | D60: ENZIMA PCLIN | E60: CURTIDURIA | F60: ROGELIO CURIEL | G60: 14.83 | H60: PRESUPUESTO | J60: 75 | M60: 75 | P60: 50 | S60: 50 | U60: =SUM(I60:T60) -> 250 | W60: =+$G60*I60 -> 0 | X60: =+$G60*J60 -> 1112.25 | Y60: =+$G60*K60 -> 0 | Z60: =+$G60*L60 -> 0 | AA60: =+$G60*M60 -> 1112.25 | AB60: =+$G60*N60 -> 0 | AC60: =+$G60*O60 -> 0 | AD60: =+$G60*P60 -> 741.5 | ... AH60: =+$G60*T60 -> 0 | AI60: =SUM(W60:AH60) -> 3707.5
A61: 128 | B61: PRODUCTOS CURTIENTES SA DE CV | C61: PT-0018 | D61: BIOTEC LC-500 | E61: CURTIDURIA | F61: ROGELIO CURIEL | G61: 5.54 | H61: PRESUPUESTO | J61: 25 | M61: 25 | P61: 25 | S61: 25 | U61: =SUM(I61:T61) -> 100 | W61: =+$G61*I61 -> 0 | X61: =+$G61*J61 -> 138.5 | Y61: =+$G61*K61 -> 0 | Z61: =+$G61*L61 -> 0 | AA61: =+$G61*M61 -> 138.5 | AB61: =+$G61*N61 -> 0 | AC61: =+$G61*O61 -> 0 | AD61: =+$G61*P61 -> 138.5 | ... AH61: =+$G61*T61 -> 0 | AI61: =SUM(W61:AH61) -> 554
A62: 128 | B62: PRODUCTOS CURTIENTES SA DE CV | C62: 128 | D62: BIOTEC WET | E62: CURTIDURIA | F62: ROGELIO CURIEL | G62: 2.92 | H62: PRESUPUESTO | J62: 125 | M62: 125 | P62: 125 | S62: 125 | U62: =SUM(I62:T62) -> 500 | W62: =+$G62*I62 -> 0 | X62: =+$G62*J62 -> 365 | Y62: =+$G62*K62 -> 0 | Z62: =+$G62*L62 -> 0 | AA62: =+$G62*M62 -> 365 | AB62: =+$G62*N62 -> 0 | AC62: =+$G62*O62 -> 0 | AD62: =+$G62*P62 -> 365 | ... AH62: =+$G62*T62 -> 0 | AI62: =SUM(W62:AH62) -> 1460
A63: 128 | B63: PRODUCTOS CURTIENTES SA DE CV | C63: PT-0022 | D63: ENZIMA PCA1 | E63: CURTIDURIA | F63: ROGELIO CURIEL | G63: 15.19 | H63: PRESUPUESTO | M63: 10 | U63: =SUM(I63:T63) -> 10 | W63: =+$G63*I63 -> 0 | X63: =+$G63*J63 -> 0 | Y63: =+$G63*K63 -> 0 | Z63: =+$G63*L63 -> 0 | AA63: =+$G63*M63 -> 151.9 | AB63: =+$G63*N63 -> 0 | AC63: =+$G63*O63 -> 0 | AD63: =+$G63*P63 -> 0 | ... AH63: =+$G63*T63 -> 0 | AI63: =SUM(W63:AH63) -> 151.9 | AJ63: =SUBTOTAL(9,AI60:AI63) -> 5873.4 | AK63: =AJ63 -> 5873.4
A64: 144 | B64: SUELAS WYNY SA DE CV | C64: 128 | D64: BIOTEC WET | E64: CURTIDURIA | F64: ROGELIO CURIEL | G64: 2.59 | H64: PRESUPUESTO | I64: 3000 | J64: 3000 | K64: 3000 | L64: 3000 | M64: 3000 | N64: 3000 | O64: 3000 | P64: 3000 | Q64: 3000 | R64: 3000 | S64: 3000 | T64: 3000 | U64: =SUM(I64:T64) -> 36000 | W64: =+$G64*I64 -> 7770 | X64: =+$G64*J64 -> 7770 | Y64: =+$G64*K64 -> 7770 | Z64: =+$G64*L64 -> 7770 | AA64: =+$G64*M64 -> 7770 | AB64: =+$G64*N64 -> 7770 | AC64: =+$G64*O64 -> 7770 | AD64: =+$G64*P64 -> 7770 | ... AH64: =+$G64*T64 -> 7770 | AI64: =SUM(W64:AH64) -> 93240 | AJ64: =AI64 -> 93240 | AK64: =AJ64 -> 93240
A65: 184 | B65: CUEROMEX WET BLUE SA DE CV | C65: 115 | D65: BIOTEC KL 25 | E65: CURTIDURIA | F65: ROGELIO CURIEL | G65: 16.83 | H65: PRESUPUESTO | I65: 400 | J65: 400 | K65: 400 | L65: 400 | M65: 400 | N65: 400 | O65: 400 | P65: 400 | Q65: 400 | R65: 400 | S65: 400 | T65: 300 | U65: =SUM(I65:T65) -> 4700 | W65: =+$G65*I65 -> 6732 | X65: =+$G65*J65 -> 6732 | Y65: =+$G65*K65 -> 6732 | Z65: =+$G65*L65 -> 6732 | AA65: =+$G65*M65 -> 6732 | AB65: =+$G65*N65 -> 6732 | AC65: =+$G65*O65 -> 6732 | AD65: =+$G65*P65 -> 6732 | ... AH65: =+$G65*T65 -> 5049 | AI65: =SUM(W65:AH65) -> 79101
A66: 184 | B66: CUEROMEX WET BLUE SA DE CV | C66: 115 | D66: BIOTEC BAT W | E66: CURTIDURIA | F66: ROGELIO CURIEL | G66: 1.49 | H66: PRESUPUESTO | I66: 175 | J66: 175 | K66: 175 | L66: 175 | M66: 175 | N66: 175 | O66: 175 | P66: 175 | Q66: 175 | R66: 175 | S66: 175 | T66: 175 | U66: =SUM(I66:T66) -> 2100 | W66: =+$G66*I66 -> 260.75 | X66: =+$G66*J66 -> 260.75 | Y66: =+$G66*K66 -> 260.75 | Z66: =+$G66*L66 -> 260.75 | AA66: =+$G66*M66 -> 260.75 | AB66: =+$G66*N66 -> 260.75 | AC66: =+$G66*O66 -> 260.75 | AD66: =+$G66*P66 -> 260.75 | ... AH66: =+$G66*T66 -> 260.75 | AI66: =SUM(W66:AH66) -> 3129 | AJ66: =SUBTOTAL(9,AI65:AI66) -> 82230 | AK66: =AJ66 -> 82230
A67: 193 | B67: CURFIMEX SA DE CV | C67: 126 | D67: BIOTEC RG002 | E67: CURTIDURIA | F67: ROGELIO CURIEL | G67: 36.05 | H67: PRESUPUESTO | P67: 50 | U67: =SUM(I67:T67) -> 50 | W67: =+$G67*I67 -> 0 | X67: =+$G67*J67 -> 0 | Y67: =+$G67*K67 -> 0 | Z67: =+$G67*L67 -> 0 | AA67: =+$G67*M67 -> 0 | AB67: =+$G67*N67 -> 0 | AC67: =+$G67*O67 -> 0 | AD67: =+$G67*P67 -> 1802.5 | ... AH67: =+$G67*T67 -> 0 | AI67: =SUM(W67:AH67) -> 1802.5 | AJ67: =AI67 -> 1802.5 | AK67: =AJ67 -> 1802.5
A68: 202 | B68: CURTIDOS TREVIÑO SA DE CV | C68: MP-0013 | D68: NOVOBATE WB | E68: CURTIDURIA | F68: ROGELIO CURIEL | G68: 71.58 | H68: PRESUPUESTO | K68: 20 | Q68: 20 | U68: =SUM(I68:T68) -> 40 | W68: =+$G68*I68 -> 0 | X68: =+$G68*J68 -> 0 | Y68: =+$G68*K68 -> 1431.6 | Z68: =+$G68*L68 -> 0 | AA68: =+$G68*M68 -> 0 | AB68: =+$G68*N68 -> 0 | AC68: =+$G68*O68 -> 0 | AD68: =+$G68*P68 -> 0 | ... AH68: =+$G68*T68 -> 0 | AI68: =SUM(W68:AH68) -> 2863.2 | AJ68: =AI68 -> 2863.2 | AK68: =AJ68 -> 2863.2
A69: 165 | B69: EL PEQUEÑO CURTIDOR DE LEÓN | C69: PT-0056 | D69: BIOTEC AMIL S | E69: CURTIDURIA | F69: ROGELIO CURIEL | G69: 4.15 | H69: PRESUPUESTO | M69: 75 | Q69: 75 | U69: =SUM(I69:T69) -> 150 | W69: =+$G69*I69 -> 0 | X69: =+$G69*J69 -> 0 | Y69: =+$G69*K69 -> 0 | Z69: =+$G69*L69 -> 0 | AA69: =+$G69*M69 -> 311.25 | AB69: =+$G69*N69 -> 0 | AC69: =+$G69*O69 -> 0 | AD69: =+$G69*P69 -> 0 | ... AH69: =+$G69*T69 -> 0 | AI69: =SUM(W69:AH69) -> 622.5 | AJ69: =AI69 -> 622.5 | AK69: =AJ69 -> 622.5
A70: 420 | B70: PIELES SANTORO, S.A. DE C.V. | C70: 115 | D70: BIOTEC PL | E70: CURTIDURIA | F70: ROGELIO CURIEL | G70: 3.08 | H70: PRESUPUESTO | L70: 175 | R70: 175 | U70: =SUM(I70:T70) -> 350 | W70: =+$G70*I70 -> 0 | X70: =+$G70*J70 -> 0 | Y70: =+$G70*K70 -> 0 | Z70: =+$G70*L70 -> 539 | AA70: =+$G70*M70 -> 0 | AB70: =+$G70*N70 -> 0 | AC70: =+$G70*O70 -> 0 | AD70: =+$G70*P70 -> 0 | ... AH70: =+$G70*T70 -> 0 | AI70: =SUM(W70:AH70) -> 1078
A71: 420 | B71: PIELES SANTORO, S.A. DE C.V. | C71: PT-0211 | D71: BIOTEC BAC MF | E71: CURTIDURIA | F71: ROGELIO CURIEL | G71: 1.55 | H71: PRESUPUESTO | L71: 500 | R71: 500 | U71: =SUM(I71:T71) -> 1000 | W71: =+$G71*I71 -> 0 | X71: =+$G71*J71 -> 0 | Y71: =+$G71*K71 -> 0 | Z71: =+$G71*L71 -> 775 | AA71: =+$G71*M71 -> 0 | AB71: =+$G71*N71 -> 0 | AC71: =+$G71*O71 -> 0 | AD71: =+$G71*P71 -> 0 | ... AH71: =+$G71*T71 -> 0 | AI71: =SUM(W71:AH71) -> 1550 | AJ71: =SUBTOTAL(9,AI70:AI71) -> 2628 | AK71: =AJ71 -> 2628
A72: 389 | B72: QUÍMICOS QURTEC | C72: PT-0258 | D72: BIOSYN DP | E72: CURTIDURIA | F72: ROGELIO CURIEL | G72: 2.78 | H72: PRESUPUESTO | J72: 200 | Q72: 200 | U72: =SUM(I72:T72) -> 400 | W72: =+$G72*I72 -> 0 | X72: =+$G72*J72 -> 556 | Y72: =+$G72*K72 -> 0 | Z72: =+$G72*L72 -> 0 | AA72: =+$G72*M72 -> 0 | AB72: =+$G72*N72 -> 0 | AC72: =+$G72*O72 -> 0 | AD72: =+$G72*P72 -> 0 | ... AH72: =+$G72*T72 -> 0 | AI72: =SUM(W72:AH72) -> 1112 | AJ72: =AI72 -> 1112 | AK72: =AJ72 -> 1112 | AL72: =SUM(AK60:AK72) -> 190371.6
A73: =IF(ISERROR(VLOOKUP(B73,[2]CLIENTES!$C$2:$G$156,5,0)),"",(VLOOKUP(B73,[2]CLIENTES!$C$2:$G$156,5,0))) -> 16 | B73: AZTECA MILLING, LP | C73: =IF(ISERROR(VLOOKUP(D73,[2]PRODUCTOS!$B$2:$J$800,9,0)),"",(VLOOKUP(D73,[2]PRODUCTOS!$B$2:$J$800,9,0))) -> 138 | D73: BIOZYME GMA PLUS | E73: TORTILLA | F73: ROGELIO CURIEL | G73: 4.18 | H73: PRESUPUESTO | I73: 1000 | J73: 1000 | K73: 1000 | L73: 1000 | M73: 1000 | N73: 1000 | O73: 1000 | P73: 1000 | Q73: 1000 | R73: 1000 | S73: 1000 | T73: 1000 | U73: =SUM(I73:T73) -> 12000 | W73: =+$G73*I73 -> 4180 | X73: =+$G73*J73 -> 4180 | Y73: =+$G73*K73 -> 4180 | Z73: =+$G73*L73 -> 4180 | AA73: =+$G73*M73 -> 4180 | AB73: =+$G73*N73 -> 4180 | AC73: =+$G73*O73 -> 4180 | AD73: =+$G73*P73 -> 4180 | ... AH73: =+$G73*T73 -> 4180 | AI73: =SUM(W73:AH73) -> 50160 | AJ73: =AI73 -> 50160
A74: 112 | B74: MOLINOS AZTECA DE VERACRUZ | C74: RE-0002 | D74: NS27047 | E74: TORTILLA | F74: ROGELIO CURIEL | G74: 173.1 | H74: PRESUPUESTO | I74: 20 | K74: 20 | M74: 20 | O74: 20 | P74: 20 | R74: 20 | S74: 20 | T74: 20 | U74: =SUM(I74:T74) -> 160 | W74: =+$G74*I74 -> 3462 | X74: =+$G74*J74 -> 0 | Y74: =+$G74*K74 -> 3462 | Z74: =+$G74*L74 -> 0 | AA74: =+$G74*M74 -> 3462 | AB74: =+$G74*N74 -> 0 | AC74: =+$G74*O74 -> 3462 | AD74: =+$G74*P74 -> 3462 | ... AH74: =+$G74*T74 -> 3462 | AI74: =SUM(W74:AH74) -> 27696 | AJ74: =AI74 -> 27696
A75: =IF(ISERROR(VLOOKUP(B75,[2]CLIENTES!$C$2:$G$156,5,0)),"",(VLOOKUP(B75,[2]CLIENTES!$C$2:$G$156,5,0))) -> 113 | B75: MOLINOS AZTECA DE CHALCO SA DE CV | C75: RE-0002 | D75: NS27047 | E75: TORTILLA | F75: ROGELIO CURIEL | G75: 173.1 | H75: PRESUPUESTO | M75: 20 | Q75: 20 | T75: 20 | U75: =SUM(I75:T75) -> 60 | W75: =+$G75*I75 -> 0 | X75: =+$G75*J75 -> 0 | Y75: =+$G75*K75 -> 0 | Z75: =+$G75*L75 -> 0 | AA75: =+$G75*M75 -> 3462 | AB75: =+$G75*N75 -> 0 | AC75: =+$G75*O75 -> 0 | AD75: =+$G75*P75 -> 0 | ... AH75: =+$G75*T75 -> 3462 | AI75: =SUM(W75:AH75) -> 10386 | AJ75: =AI75 -> 10386 | AK75: =AJ75+AJ74+AJ73 -> 88242 | AL75: =AK75 -> 88242
A76: =IF(ISERROR(VLOOKUP(B76,[2]CLIENTES!$C$2:$G$156,5,0)),"",(VLOOKUP(B76,[2]CLIENTES!$C$2:$G$156,5,0))) -> 100 | B76: MANUFACTURAS KALTEX SA DE CV | C76: 0056 | D76: BIOLITE CONC | E76: TEXTIL | F76: ROGELIO CURIEL | G76: 21.65 | H76: PRESUPUESTO | J76: 240 | O76: 240 | S76: 240 | U76: =SUM(I76:T76) -> 720 | W76: =+$G76*I76 -> 0 | X76: =+$G76*J76 -> 5196 | Y76: =+$G76*K76 -> 0 | Z76: =+$G76*L76 -> 0 | AA76: =+$G76*M76 -> 0 | AB76: =+$G76*N76 -> 0 | AC76: =+$G76*O76 -> 5196 | AD76: =+$G76*P76 -> 0 | ... AH76: =+$G76*T76 -> 0 | AI76: =SUM(W76:AH76) -> 15588
A77: =IF(ISERROR(VLOOKUP(B77,[2]CLIENTES!$C$2:$G$156,5,0)),"",(VLOOKUP(B77,[2]CLIENTES!$C$2:$G$156,5,0))) -> 100 | B77: MANUFACTURAS KALTEX SA DE CV | C77: 0079 | D77: BIOSTONE 350 HBA | E77: TEXTIL | F77: ROGELIO CURIEL | G77: 4.02 | H77: PRESUPUESTO | L77: 40 | O77: 40 | Q77: 40 | S77: 40 | U77: =SUM(I77:T77) -> 160 | W77: =+$G77*I77 -> 0 | X77: =+$G77*J77 -> 0 | Y77: =+$G77*K77 -> 0 | Z77: =+$G77*L77 -> 160.8 | AA77: =+$G77*M77 -> 0 | AB77: =+$G77*N77 -> 0 | AC77: =+$G77*O77 -> 160.8 | AD77: =+$G77*P77 -> 0 | ... AH77: =+$G77*T77 -> 0 | AI77: =SUM(W77:AH77) -> 643.2 | AJ77: =SUM(AI76:AI77) -> 16231.2 | AK77: =AJ77 -> 16231.2 | AL77: =AK77 -> 16231.2
A78: 53 | B78: DINCO DEL NORTE SA DE CV | C78: MP-0227 | D78: BIOREMOVE FOG BOOST | E78: BACTERIAS | F78: ROGELIO CURIEL | G78: 263.17 | H78: PRESUPUESTO | N78: 11 | R78: 11 | U78: =SUM(I78:T78) -> 22 | W78: =+$G78*I78 -> 0 | X78: =+$G78*J78 -> 0 | Y78: =+$G78*K78 -> 0 | Z78: =+$G78*L78 -> 0 | AA78: =+$G78*M78 -> 0 | AB78: =+$G78*N78 -> 2894.87 | AC78: =+$G78*O78 -> 0 | AD78: =+$G78*P78 -> 0 | ... AH78: =+$G78*T78 -> 0 | AI78: =SUM(W78:AH78) -> 5789.74
A79: 53 | B79: DINCO DEL NORTE SA DE CV | C79: MP-0226 | D79: BIOREMOVE COD | E79: BACTERIAS | F79: ROGELIO CURIEL | G79: 444.45 | H79: PRESUPUESTO | N79: 6 | R79: 6 | U79: =SUM(I79:T79) -> 12 | W79: =+$G79*I79 -> 0 | X79: =+$G79*J79 -> 0 | Y79: =+$G79*K79 -> 0 | Z79: =+$G79*L79 -> 0 | AA79: =+$G79*M79 -> 0 | AB79: =+$G79*N79 -> 2666.7 | AC79: =+$G79*O79 -> 0 | AD79: =+$G79*P79 -> 0 | ... AH79: =+$G79*T79 -> 0 | AI79: =SUM(W79:AH79) -> 5333.4
A80: 53 | B80: DINCO DEL NORTE SA DE CV | C80: MP-0190 | D80: ODOR CAP 5115 | E80: BACTERIAS | F80: ROGELIO CURIEL | G80: 146.26 | H80: PRESUPUESTO | N80: 4 | R80: 2 | U80: =SUM(I80:T80) -> 6 | W80: =+$G80*I80 -> 0 | X80: =+$G80*J80 -> 0 | Y80: =+$G80*K80 -> 0 | Z80: =+$G80*L80 -> 0 | AA80: =+$G80*M80 -> 0 | AB80: =+$G80*N80 -> 585.04 | AC80: =+$G80*O80 -> 0 | AD80: =+$G80*P80 -> 0 | ... AH80: =+$G80*T80 -> 0 | AI80: =SUM(W80:AH80) -> 877.56
A81: 53 | B81: DINCO DEL NORTE SA DE CV | C81: MP-0188 LT | D81: BACT CONCENTRATE 2000 | E81: BACTERIAS | F81: ROGELIO CURIEL | G81: 857.48 | H81: PRESUPUESTO | N81: 1 | R81: 1 | U81: =SUM(I81:T81) -> 2 | W81: =+$G81*I81 -> 0 | X81: =+$G81*J81 -> 0 | Y81: =+$G81*K81 -> 0 | Z81: =+$G81*L81 -> 0 | AA81: =+$G81*M81 -> 0 | AB81: =+$G81*N81 -> 857.48 | AC81: =+$G81*O81 -> 0 | AD81: =+$G81*P81 -> 0 | ... AH81: =+$G81*T81 -> 0 | AI81: =SUM(W81:AH81) -> 1714.96 | AJ81: =SUM(AI78:AI81) -> 13715.66 | AK81: =AJ81 -> 13715.66 | AL81: =AK81 -> 13715.66
A82: 527 | B82: PICSA DE MEXICO INTERNACIONAL | C82: 17 | D82: AMILSOFT 1500 | E82: PAN | F82: ROGELIO CURIEL | G82: 78 | H82: PRESUPUESTO | P82: 20 | W82: =+$G82*I82 -> 0 | X82: =+$G82*J82 -> 0 | Y82: =+$G82*K82 -> 0 | Z82: =+$G82*L82 -> 0 | AA82: =+$G82*M82 -> 0 | AB82: =+$G82*N82 -> 0 | AC82: =+$G82*O82 -> 0 | AD82: =+$G82*P82 -> 1560 | ... AH82: =+$G82*T82 -> 0 | AI82: =SUM(W82:AH82) -> 1560 | AJ82: =AI82 -> 1560 | AK82: =AJ82 -> 1560 | AL82: =AK82 -> 1560
A83: =IF(ISERROR(VLOOKUP(B83,[2]CLIENTES!$C$2:$G$156,5,0)),"",(VLOOKUP(B83,[2]CLIENTES!$C$2:$G$156,5,0))) -> 28 | B83: CERVECERIA CUAUHTEMOC MOCTEZUMA SA DE CV | D83: LUMISTA GOLD PR | E83: CERVEZA | F83: ROGELIO CURIEL | G83: 38.56 | H83: PROSPECTO | K83: 1000 | L83: 1000 | N83: 1000 | P83: 1000 | R83: 1000 | S83: 1000 | U83: =SUM(I83:T83) -> 6000 | W83: =+$G83*I83 -> 0 | X83: =+$G83*J83 -> 0 | Y83: =+$G83*K83 -> 38560 | Z83: =+$G83*L83 -> 38560 | AA83: =+$G83*M83 -> 0 | AB83: =+$G83*N83 -> 38560 | AC83: =+$G83*O83 -> 0 | AD83: =+$G83*P83 -> 38560 | ... AH83: =+$G83*T83 -> 0 | AI83: =SUM(W83:AH83) -> 231360 | AJ83: =SUM(AI83:AI83) -> 231360
A84: =IF(ISERROR(VLOOKUP(B84,[2]CLIENTES!$C$2:$G$156,5,0)),"",(VLOOKUP(B84,[2]CLIENTES!$C$2:$G$156,5,0))) -> 28 | B84: CERVECERIA CUAUHTEMOC MOCTEZUMA SA DE CV | D84: LUMISTA GOLD PR | E84: CERVEZA | F84: ROGELIO CURIEL | G84: 38.56 | H84: PROSPECTO | I84: 600 | L84: 600 | O84: 600 | R84: 500 | U84: =SUM(I84:T84) -> 2300 | W84: =+$G84*I84 -> 23136 | X84: =+$G84*J84 -> 0 | Y84: =+$G84*K84 -> 0 | Z84: =+$G84*L84 -> 23136 | AA84: =+$G84*M84 -> 0 | AB84: =+$G84*N84 -> 0 | AC84: =+$G84*O84 -> 23136 | AD84: =+$G84*P84 -> 0 | ... AH84: =+$G84*T84 -> 0 | AI84: =SUM(W84:AH84) -> 88688 | AJ84: =SUM(AI84:AI84) -> 88688
A85: 31 | B85: CERVECERIA CUAUHTEMOC MOCTEZUMA SA DE CV | D85: LUMISTA GOLD PR | E85: CERVEZA | F85: ROGELIO CURIEL | G85: 38.56 | H85: PROSPECTO | J85: 3000 | M85: 2000 | P85: 2000 | S85: 2000 | U85: =SUM(I85:T85) -> 9000 | W85: =+$G85*I85 -> 0 | X85: =+$G85*J85 -> 115680 | Y85: =+$G85*K85 -> 0 | Z85: =+$G85*L85 -> 0 | AA85: =+$G85*M85 -> 77120 | AB85: =+$G85*N85 -> 0 | AC85: =+$G85*O85 -> 0 | AD85: =+$G85*P85 -> 77120 | ... AH85: =+$G85*T85 -> 0 | AI85: =SUM(W85:AH85) -> 347040 | AJ85: =SUM(AI85:AI85) -> 347040
A86: 33 | B86: CERVECERIA CUAUHTEMOC MOCTEZUMA SA DE CV | D86: LUMISTA GOLD PR | E86: CERVEZA | F86: ROGELIO CURIEL | G86: 38.56 | H86: PROSPECTO | O86: 450 | P86: 450 | Q86: 450 | R86: 450 | S86: 450 | T86: 425 | U86: =SUM(I86:T86) -> 2675 | W86: =+$G86*I86 -> 0 | X86: =+$G86*J86 -> 0 | Y86: =+$G86*K86 -> 0 | Z86: =+$G86*L86 -> 0 | AA86: =+$G86*M86 -> 0 | AB86: =+$G86*N86 -> 0 | AC86: =+$G86*O86 -> 17352 | AD86: =+$G86*P86 -> 17352 | ... AH86: =+$G86*T86 -> 16388 | AI86: =SUM(W86:AH86) -> 103148 | AJ86: =SUM(AI86:AI86) -> 103148
A87: 33 | B87: CERVECERIA CUAUHTEMOC MOCTEZUMA SA DE CV | D87: LUMISTA GOLD PR | E87: CERVEZA | F87: ROGELIO CURIEL | G87: 38.56 | H87: PROSPECTO | O87: 1000 | R87: 1000 | U87: =SUM(I87:T87) -> 2000 | W87: =+$G87*I87 -> 0 | X87: =+$G87*J87 -> 0 | Y87: =+$G87*K87 -> 0 | Z87: =+$G87*L87 -> 0 | AA87: =+$G87*M87 -> 0 | AB87: =+$G87*N87 -> 0 | AC87: =+$G87*O87 -> 38560 | AD87: =+$G87*P87 -> 0 | ... AH87: =+$G87*T87 -> 0 | AI87: =SUM(W87:AH87) -> 77120 | AJ87: =SUM(AI87:AI87) -> 77120
A88: 393 | B88: CERVECERIA CUAUHTEMOC MOCTEZUMA SA DE CV | D88: F6 | E88: CERVEZA | F88: ROGELIO CURIEL | G88: 28 | H88: PROSPECTO | M88: 1000 | N88: 1000 | O88: 1000 | P88: 1000 | Q88: 1000 | R88: 1000 | S88: 1000 | T88: 1000 | U88: =SUM(I88:T88) -> 8000 | W88: =+$G88*I88 -> 0 | X88: =+$G88*J88 -> 0 | Y88: =+$G88*K88 -> 0 | Z88: =+$G88*L88 -> 0 | AA88: =+$G88*M88 -> 28000 | AB88: =+$G88*N88 -> 28000 | AC88: =+$G88*O88 -> 28000 | AD88: =+$G88*P88 -> 28000 | ... AH88: =+$G88*T88 -> 28000 | AI88: =SUM(W88:AH88) -> 224000 | AJ88: =AI88 -> 224000
A89: 436 | B89: CERVECERIA PANAMA, S.A. | D89: LUMISTA GOLD PR | E89: CERVEZA | F89: ROGELIO CURIEL | G89: 38.56 | H89: PROSPECTO | O89: 60 | P89: 60 | Q89: 60 | R89: 60 | S89: 60 | T89: 60 | U89: =SUM(I89:T89) -> 360 | W89: =+$G89*I89 -> 0 | X89: =+$G89*J89 -> 0 | Y89: =+$G89*K89 -> 0 | Z89: =+$G89*L89 -> 0 | AA89: =+$G89*M89 -> 0 | AB89: =+$G89*N89 -> 0 | AC89: =+$G89*O89 -> 2313.6 | AD89: =+$G89*P89 -> 2313.6 | ... AH89: =+$G89*T89 -> 2313.6 | AI89: =SUM(W89:AH89) -> 13881.6 | AJ89: =SUM(AI89:AI89) -> 13881.6 | AK89: =SUM(AJ83:AJ89) -> 1085237.6
A90: 392 | B90: CI CERVEZA GmbH. | D90: LUMISTA GOLD PR | E90: CERVEZA | F90: ROGELIO CURIEL | G90: 55.85 | H90: PROSPECTO | Q90: 1000 | R90: 1000 | S90: 1000 | T90: 500 | U90: =SUM(I90:T90) -> 3500 | W90: =+$G90*I90 -> 0 | X90: =+$G90*J90 -> 0 | Y90: =+$G90*K90 -> 0 | Z90: =+$G90*L90 -> 0 | AA90: =+$G90*M90 -> 0 | AB90: =+$G90*N90 -> 0 | AC90: =+$G90*O90 -> 0 | AD90: =+$G90*P90 -> 0 | ... AH90: =+$G90*T90 -> 27925 | AI90: =SUM(W90:AH90) -> 195475 | AJ90: =SUM(AI90:AI90) -> 195475 | AK90: =SUM(AI90:AI90) -> 195475
B91: MALT EUROPE | D91: BIOFLOW MAX | E91: CERVEZA | F91: ROGELIO CURIEL | G91: 30 | H91: PROSPECTO | O91: 200 | P91: 200 | Q91: 200 | R91: 200 | S91: 200 | T91: 200 | U91: =SUM(I91:T91) -> 1200 | W91: =+$G91*I91 -> 0 | X91: =+$G91*J91 -> 0 | Y91: =+$G91*K91 -> 0 | Z91: =+$G91*L91 -> 0 | AA91: =+$G91*M91 -> 0 | AB91: =+$G91*N91 -> 0 | AC91: =+$G91*O91 -> 6000 | AD91: =+$G91*P91 -> 6000 | ... AH91: =+$G91*T91 -> 6000 | AI91: =SUM(W91:AH91) -> 36000 | AJ91: =SUM(AI91:AI91) -> 36000 | AK91: =AJ91 -> 36000
B92: KALSEC | D92: POR DEFINIR | E92: CERVEZA | F92: ROGELIO CURIEL | G92: 88.3 | H92: PROSPECTO | P92: 400 | Q92: 400 | R92: 400 | W92: =+$G92*I92 -> 0 | X92: =+$G92*J92 -> 0 | Y92: =+$G92*K92 -> 0 | Z92: =+$G92*L92 -> 0 | AA92: =+$G92*M92 -> 0 | AB92: =+$G92*N92 -> 0 | AC92: =+$G92*O92 -> 0 | AD92: =+$G92*P92 -> 35320 | ... AH92: =+$G92*T92 -> 0 | AI92: =SUM(W92:AH92) -> 105960 | AJ92: =AI92 -> 105960 | AK92: =AJ92 -> 105960 | AL92: =SUM(AK89:AK92) -> 1422672.6 | AM92: CERVEZA
A93: 393 | B93: CERVECERIA CUAUHTEMOC MOCTEZUMA SA DE CV | C93: MP-0226 | D93: BIOREMOVE COD | E93: BACTERIAS | F93: ROGELIO CURIEL | G93: 444.45 | H93: PROSPECTO | I93: 2 | J93: 2 | K93: 2 | L93: 2 | M93: 2 | N93: 3 | O93: 3 | P93: 3 | Q93: 3 | R93: 3 | S93: 3 | T93: 3 | U93: =SUM(I93:T93) -> 31 | W93: =+$G93*I93 -> 888.9 | X93: =+$G93*J93 -> 888.9 | Y93: =+$G93*K93 -> 888.9 | Z93: =+$G93*L93 -> 888.9 | AA93: =+$G93*M93 -> 888.9 | AB93: =+$G93*N93 -> 1333.35 | AC93: =+$G93*O93 -> 1333.35 | AD93: =+$G93*P93 -> 1333.35 | ... AH93: =+$G93*T93 -> 1333.35 | AI93: =SUM(W93:AH93) -> 13777.95 | AJ93: =AI93 -> 13777.95
B94: CERVECERIA CUAUHTEMOC MOCTEZUMA SA DE CV | C94: MP-0226 | D94: BIOREMOVE COD | E94: BACTERIAS | F94: ROGELIO CURIEL | G94: 444.45 | H94: PROSPECTO | J94: 2 | K94: 2 | L94: 5 | M94: 5 | N94: 6 | O94: 6 | P94: 6 | Q94: 6 | R94: 6 | S94: 6 | T94: 6 | U94: =SUM(I94:T94) -> 56 | W94: =+$G94*I94 -> 0 | X94: =+$G94*J94 -> 888.9 | Y94: =+$G94*K94 -> 888.9 | Z94: =+$G94*L94 -> 2222.25 | AA94: =+$G94*M94 -> 2222.25 | AB94: =+$G94*N94 -> 2666.7 | AC94: =+$G94*O94 -> 2666.7 | AD94: =+$G94*P94 -> 2666.7 | ... AH94: =+$G94*T94 -> 2666.7 | AI94: =SUM(W94:AH94) -> 24889.2 | AJ94: =AI94 -> 24889.2 | AK94: =AJ94+AJ93 -> 38667.15
B95: MOLINOS AZTECA | C95: MP-0226 | D95: BIOREMOVE COD | E95: BACTERIAS | F95: ROGELIO CURIEL | G95: 444.1 | H95: PROSPECTO | L95: 2 | M95: 2 | N95: 2 | O95: 2 | P95: 2 | Q95: 2 | R95: 2 | S95: 2 | T95: 2 | U95: =SUM(I95:T95) -> 18 | W95: =+$G95*I95 -> 0 | X95: =+$G95*J95 -> 0 | Y95: =+$G95*K95 -> 0 | Z95: =+$G95*L95 -> 888.2 | AA95: =+$G95*M95 -> 888.2 | AB95: =+$G95*N95 -> 888.2 | AC95: =+$G95*O95 -> 888.2 | AD95: =+$G95*P95 -> 888.2 | ... AI95: =+$G95*U95 -> 7993.8 | AJ95: =AI95 -> 7993.8
B96: MOLINOS AZTECA | D96: BGMAX 3000 | E96: BACTERIAS | F96: ROGELIO CURIEL | G96: 654 | H96: PROSPECTO | L96: 3 | M96: 3 | N96: 3 | O96: 3 | P96: 3 | Q96: 3 | R96: 3 | S96: 3 | T96: 3 | U96: =SUM(I96:T96) -> 27 | W96: =+$G96*I96 -> 0 | X96: =+$G96*J96 -> 0 | Y96: =+$G96*K96 -> 0 | Z96: =+$G96*L96 -> 1962 | AA96: =+$G96*M96 -> 1962 | AB96: =+$G96*N96 -> 1962 | AC96: =+$G96*O96 -> 1962 | AD96: =+$G96*P96 -> 1962 | ... AI96: =+$G96*U96 -> 17658 | AJ96: =AI96 -> 17658
B97: MOLINOS AZTECA | D97: BIOREMOVE FOG BOOST | E97: BACTERIAS | F97: ROGELIO CURIEL | G97: 390 | H97: PROSPECTO | I97: 2 | J97: 2 | K97: 2 | L97: 2 | M97: 2 | N97: 2 | O97: 2 | P97: 2 | Q97: 2 | R97: 2 | S97: 2 | T97: 2 | U97: =SUM(I97:T97) -> 24 | W97: =+$G97*I97 -> 780 | X97: =+$G97*J97 -> 780 | Y97: =+$G97*K97 -> 780 | Z97: =+$G97*L97 -> 780 | AA97: =+$G97*M97 -> 780 | AB97: =+$G97*N97 -> 780 | AC97: =+$G97*O97 -> 780 | AD97: =+$G97*P97 -> 780 | ... AI97: =+$G97*U97 -> 9360 | AJ97: =AI97 -> 9360
B98: MOLINOS AZTECA | D98: BIOQUICK 5140 | E98: BACTERIAS | F98: ROGELIO CURIEL | G98: 250 | H98: PROSPECTO | I98: 2 | J98: 2 | K98: 2 | L98: 2 | M98: 2 | N98: 2 | O98: 2 | P98: 2 | Q98: 2 | R98: 2 | S98: 2 | T98: 2 | U98: =SUM(I98:T98) -> 24 | W98: =+$G98*I98 -> 500 | X98: =+$G98*J98 -> 500 | Y98: =+$G98*K98 -> 500 | Z98: =+$G98*L98 -> 500 | AA98: =+$G98*M98 -> 500 | AB98: =+$G98*N98 -> 500 | AC98: =+$G98*O98 -> 500 | AD98: =+$G98*P98 -> 500 | ... AI98: =+$G98*U98 -> 6000 | AJ98: =AI98 -> 6000 | AK98: =AJ95+AJ96+AJ97+AJ98 -> 41011.8 | AL98: =AK98+AK94 -> 79678.95 | AM98: BACTERIAS
A99: 144 | B99: SUELAS WYNY SA DE CV | C99: 122 | D99: BIOTEC PL | E99: CURTIDURIA | F99: ROGELIO CURIEL | G99: 2.85 | H99: PROSPECTO | M99: 200 | N99: 200 | O99: 200 | P99: 200 | Q99: 200 | R99: 200 | S99: 200 | U99: =SUM(I99:T99) -> 1400 | W99: =+$G99*I99 -> 0 | X99: =+$G99*J99 -> 0 | Y99: =+$G99*K99 -> 0 | Z99: =+$G99*L99 -> 0 | AA99: =+$G99*M99 -> 570 | AB99: =+$G99*N99 -> 570 | AC99: =+$G99*O99 -> 570 | AD99: =+$G99*P99 -> 570 | ... AH99: =+$G99*T99 -> 0 | AI99: =SUM(W99:AH99) -> 3990 | AJ99: =SUBTOTAL(9,AI99:AI99) -> 3990 | AK99: =AJ99 -> 3990
A100: 389 | B100: QUÍMICOS VEMONT | C100: PT-0210 | D100: BIOTEC RB PLUS | E100: CURTIDURIA | F100: ROGELIO CURIEL | G100: 38.88 | H100: PROSPECTO | L100: 25 | Q100: 25 | U100: =SUM(I100:T100) -> 50 | W100: =+$G100*I100 -> 0 | X100: =+$G100*J100 -> 0 | Y100: =+$G100*K100 -> 0 | Z100: =+$G100*L100 -> 972 | AA100: =+$G100*M100 -> 0 | AB100: =+$G100*N100 -> 0 | AC100: =+$G100*O100 -> 0 | AD100: =+$G100*P100 -> 0 | ... AH100: =+$G100*T100 -> 0 | AI100: =SUM(W100:AH100) -> 1944 | AJ100: =AI100 -> 1944 | AK100: =AJ100 -> 1944
B101: QUÍMICA SCHNEIDER | D101: BIOPROT AL 2.4L | E101: CURTIDURIA | F101: ROGELIO CURIEL | G101: 24 | H101: PROSPECTO | O101: 100 | P101: 100 | Q101: 100 | R101: 100 | S101: 100 | T101: 100 | U101: =SUM(I101:T101) -> 600 | W101: =+$G101*I101 -> 0 | X101: =+$G101*J101 -> 0 | Y101: =+$G101*K101 -> 0 | AA101: =+$G101*M101 -> 0 | AB101: =+$G101*N101 -> 0 | AC101: =+$G101*O101 -> 2400 | AD101: =+$G101*P101 -> 2400 | AE101: =+$G101*Q101 -> 2400 | AF101: =+$G101*R101 -> 2400 | AG101: =+$G101*S101 -> 2400 | AH101: =+$G101*T101 -> 2400 | AI101: =SUM(W101:AH101) -> 14400 | AJ101: =AI101 -> 14400 | AK101: =AJ101 -> 14400 | AL101: =SUM(AK99:AK101) -> 20334 | AM101: CURTIDURÍA
A102: 527 | B102: PICSA DE MEXICO INTERNACIONAL | D102: BIOHEMIZYME PANZ | E102: PAN | F102: ROGELIO CURIEL | G102: 60 | H102: PROSPECTO | P102: 20 | W102: =+$G102*I102 -> 0 | X102: =+$G102*J102 -> 0 | Y102: =+$G102*K102 -> 0 | Z102: =+$G102*L102 -> 0 | AA102: =+$G102*M102 -> 0 | AB102: =+$G102*N102 -> 0 | AC102: =+$G102*O102 -> 0 | AD102: =+$G102*P102 -> 1200 | ... AH102: =+$G102*T102 -> 0 | AI102: =SUM(W102:AH102) -> 1200 | AJ102: =SUM(AI102:AI102) -> 1200 | AK102: =AJ102 -> 1200 | AL102: =AK102 -> 1200 | AM102: PAN
...

Sheet EDGAR 2026
B4: PRESUPUESTO EDGAR MUÑOZ 2026 | I4: KILOGRAMOS | W4: USD
A5: CLAVE CLIENTE | B5: NOMBRE DEL CLIENTE | C5: CLAVE DEL PRODUCTO SKU | D5: PRODUCTO | E5: AREA | F5: VENDEDOR | G5: PRECIO UNITARIO EN DÓLARES | H5: TIPO | I5: ENERO | J5: FEBRERO | K5: MARZO | L5: ABRIL | M5: MAYO | N5: JUNIO | O5: JULIO | P5: AGOSTO | Q5: SEPTIEMBRE | R5: OCTUBRE | S5: NOVIEMBRE | T5: DICIEMBRE | U5: TOTAL | W5: ENERO | X5: FEBRERO | Y5: MARZO | Z5: ABRIL | AA5: MAYO | AB5: JUNIO | AC5: JULIO | AD5: AGOSTO | AE5: SEPTIEMBRE | AF5: OCTUBRE | AG5: NOVIEMBRE | AH5: DICIEMBRE | AI5: TOTAL USD
A6: 14 | B6: DISTRIBUIDORA TEXTIL ARTTEX | C6: 163 | D6: CELLUSOFT CR | E6: TEXTIL | F6: EDGAR MUÑOZ | G6: 5.68 | H6: PRESUPUESTO | I6: 0 | J6: 200 | K6: 0 | L6: 200 | M6: 0 | N6: 200 | O6: 0 | P6: 200 | Q6: 0 | R6: 200 | S6: 0 | T6: 200 | U6: =SUM(I6:T6) -> 1200 | W6: =I6*G6 -> 0 | X6: =J6*G6 -> 1136 | Y6: =K6*G6 -> 0 | Z6: =L6*G6 -> 1136 | AA6: =M6*G6 -> 0 | AB6: =N6*G6 -> 1136 | AC6: =O6*G6 -> 0 | AD6: =P6*G6 -> 1136 | AE6: =Q6*G6 -> 0 | AF6: =R6*G6 -> 1136 | AG6: =S6*G6 -> 0 | AH6: =T6*G6 -> 1136 | AI6: =SUM(W6:AH6) -> 6816
A7: 14 | B7: DISTRIBUIDORA TEXTIL ARTTEX | C7: PT-0212 | D7: TERMINOX ULTRA 50 L | E7: TEXTIL | F7: EDGAR MUÑOZ | G7: 7.75 | H7: PRESUPUESTO | I7: 200 | J7: 200 | K7: 200 | L7: 200 | M7: 200 | N7: 200 | O7: 200 | P7: 200 | Q7: 200 | R7: 200 | S7: 200 | T7: 200 | U7: =SUM(I7:T7) -> 2400 | W7: =I7*G7 -> 1550 | X7: =J7*G7 -> 1550 | Y7: =K7*G7 -> 1550 | Z7: =L7*G7 -> 1550 | AA7: =M7*G7 -> 1550 | AB7: =N7*G7 -> 1550 | AC7: =O7*G7 -> 1550 | AD7: =P7*G7 -> 1550 | AE7: =Q7*G7 -> 1550 | AF7: =R7*G7 -> 1550 | AG7: =S7*G7 -> 1550 | AH7: =T7*G7 -> 1550 | AI7: =SUM(W7:AH7) -> 18600
A8: 490 | B8: INDUSTRIA QUIMICA PQT | C8: 163 | D8: CELLUSOFT CR | E8: TEXTIL | F8: EDGAR MUÑOZ | G8: 6.36 | H8: PRESUPUESTO | I8: 0 | J8: 0 | K8: 200 | L8: 0 | M8: 0 | N8: 200 | O8: 0 | P8: 0 | Q8: 200 | R8: 0 | S8: 0 | T8: 200 | U8: =SUM(I8:T8) -> 800 | W8: =I8*G8 -> 0 | X8: =J8*G8 -> 0 | Y8: =K8*G8 -> 1272 | Z8: =L8*G8 -> 0 | AA8: =M8*G8 -> 0 | AB8: =N8*G8 -> 1272 | AC8: =O8*G8 -> 0 | AD8: =P8*G8 -> 0 | AE8: =Q8*G8 -> 1272 | AF8: =R8*G8 -> 0 | AG8: =S8*G8 -> 0 | AH8: =T8*G8 -> 1272 | AI8: =SUM(W8:AH8) -> 5088
A9: 490 | B9: INDUSTRIA QUIMICA PQT | C9: PT-0146 | D9: BIOSTONE COLD C100 | E9: TEXTIL | F9: EDGAR MUÑOZ | G9: 5.8 | H9: PRESUPUESTO | I9: 200 | J9: 200 | K9: 200 | L9: 200 | M9: 200 | N9: 200 | O9: 200 | P9: 200 | Q9: 200 | R9: 200 | S9: 200 | T9: 200 | U9: =SUM(I9:T9) -> 2400 | W9: =I9*G9 -> 1160 | X9: =J9*G9 -> 1160 | Y9: =K9*G9 -> 1160 | Z9: =L9*G9 -> 1160 | AA9: =M9*G9 -> 1160 | AB9: =N9*G9 -> 1160 | AC9: =O9*G9 -> 1160 | AD9: =P9*G9 -> 1160 | AE9: =Q9*G9 -> 1160 | AF9: =R9*G9 -> 1160 | AG9: =S9*G9 -> 1160 | AH9: =T9*G9 -> 1160 | AI9: =SUM(W9:AH9) -> 13920
A10: 179 | B10: TBG APPAREL | C10: PT-0208 | D10: BIOLAC BASE 100 | E10: TEXTIL | F10: EDGAR MUÑOZ | G10: 28.1 | H10: PRESUPUESTO | I10: 150 | J10: 150 | K10: 150 | L10: 150 | M10: 150 | N10: 150 | O10: 150 | P10: 150 | Q10: 150 | R10: 150 | S10: 150 | T10: 150 | U10: =SUM(I10:T10) -> 1800 | W10: =I10*G10 -> 4215 | X10: =J10*G10 -> 4215 | Y10: =K10*G10 -> 4215 | Z10: =L10*G10 -> 4215 | AA10: =M10*G10 -> 4215 | AB10: =N10*G10 -> 4215 | AC10: =O10*G10 -> 4215 | AD10: =P10*G10 -> 4215 | AE10: =Q10*G10 -> 4215 | AF10: =R10*G10 -> 4215 | AG10: =S10*G10 -> 4215 | AH10: =T10*G10 -> 4215 | AI10: =SUM(W10:AH10) -> 50580
A11: 179 | B11: TBG APPAREL | C11: PT-0262 | D11: LESS STONE MAX | E11: TEXTIL | F11: EDGAR MUÑOZ | G11: 14.9 | H11: PRESUPUESTO | I11: 50 | J11: 50 | K11: 50 | L11: 50 | M11: 50 | N11: 50 | O11: 50 | P11: 50 | Q11: 50 | R11: 50 | S11: 50 | T11: 50 | U11: =SUM(I11:T11) -> 600 | W11: =I11*G11 -> 745 | X11: =J11*G11 -> 745 | Y11: =K11*G11 -> 745 | Z11: =L11*G11 -> 745 | AA11: =M11*G11 -> 745 | AB11: =N11*G11 -> 745 | AC11: =O11*G11 -> 745 | AD11: =P11*G11 -> 745 | AE11: =Q11*G11 -> 745 | AF11: =R11*G11 -> 745 | AG11: =S11*G11 -> 745 | AH11: =T11*G11 -> 745 | AI11: =SUM(W11:AH11) -> 8940
A12: 378 | B12: STONE LAV | C12: PT-0264 | D12: BIOSTONE N100 | E12: TEXTIL | F12: EDGAR MUÑOZ | G12: 5.3 | H12: PRESUPUESTO | I12: 300 | J12: 0 | K12: 300 | L12: 0 | M12: 300 | N12: 0 | O12: 300 | P12: 0 | Q12: 300 | R12: 0 | S12: 300 | T12: 0 | U12: =SUM(I12:T12) -> 1800 | W12: =I12*G12 -> 1590 | X12: =J12*G12 -> 0 | Y12: =K12*G12 -> 1590 | Z12: =L12*G12 -> 0 | AA12: =M12*G12 -> 1590 | AB12: =N12*G12 -> 0 | AC12: =O12*G12 -> 1590 | AD12: =P12*G12 -> 0 | AE12: =Q12*G12 -> 1590 | AF12: =R12*G12 -> 0 | AG12: =S12*G12 -> 1590 | AH12: =T12*G12 -> 0 | AI12: =SUM(W12:AH12) -> 9540
A13: 378 | B13: STONE LAV | C13: PT-0079 | D13: DENIZYME 868 | E13: TEXTIL | F13: EDGAR MUÑOZ | G13: 21.12 | H13: PRESUPUESTO | I13: 120 | J13: 120 | K13: 120 | L13: 120 | M13: 120 | N13: 120 | O13: 120 | P13: 120 | Q13: 120 | R13: 120 | S13: 120 | T13: 160 | U13: =SUM(I13:T13) -> 1480 | W13: =I13*G13 -> 2534.4 | X13: =J13*G13 -> 2534.4 | Y13: =K13*G13 -> 2534.4 | Z13: =L13*G13 -> 2534.4 | AA13: =M13*G13 -> 2534.4 | AB13: =N13*G13 -> 2534.4 | AC13: =O13*G13 -> 2534.4 | AD13: =P13*G13 -> 2534.4 | AE13: =Q13*G13 -> 2534.4 | AF13: =R13*G13 -> 2534.4 | AG13: =S13*G13 -> 2534.4 | AH13: =T13*G13 -> 3379.2 | AI13: =SUM(W13:AH13) -> 31257.6
A14: 134 | B14: QUIMICA HERNANDEZ RAMIREZ | C14: RE-0031 | D14: BIOSTONE GRAND | E14: TEXTIL | F14: EDGAR MUÑOZ | G14: 56.4 | H14: PRESUPUESTO | I14: 0 | J14: 80 | K14: 0 | L14: 80 | M14: 0 | N14: 80 | O14: 0 | P14: 80 | Q14: 0 | R14: 80 | S14: 0 | T14: 80 | U14: =SUM(I14:T14) -> 480 | W14: =I14*G14 -> 0 | X14: =J14*G14 -> 4512 | Y14: =K14*G14 -> 0 | Z14: =L14*G14 -> 4512 | AA14: =M14*G14 -> 0 | AB14: =N14*G14 -> 4512 | AC14: =O14*G14 -> 0 | AD14: =P14*G14 -> 4512 | AE14: =Q14*G14 -> 0 | AF14: =R14*G14 -> 4512 | AG14: =S14*G14 -> 0 | AH14: =T14*G14 -> 4512 | AI14: =SUM(W14:AH14) -> 27072
A15: 134 | B15: QUIMICA HERNANDEZ RAMIREZ | C15: PT-0148 | D15: CELLUSOFT CONC LT | E15: TEXTIL | F15: EDGAR MUÑOZ | G15: 17 | H15: PRESUPUESTO | I15: 50 | J15: 100 | K15: 50 | L15: 100 | M15: 50 | N15: 100 | O15: 50 | P15: 100 | Q15: 50 | R15: 100 | S15: 50 | T15: 100 | U15: =SUM(I15:T15) -> 900 | W15: =I15*G15 -> 850 | X15: =J15*G15 -> 1700 | Y15: =K15*G15 -> 850 | Z15: =L15*G15 -> 1700 | AA15: =M15*G15 -> 850 | AB15: =N15*G15 -> 1700 | AC15: =O15*G15 -> 850 | AD15: =P15*G15 -> 1700 | AE15: =Q15*G15 -> 850 | AF15: =R15*G15 -> 1700 | AG15: =S15*G15 -> 850 | AH15: =T15*G15 -> 1700 | AI15: =SUM(W15:AH15) -> 15300
A16: 134 | B16: QUIMICA HERNANDEZ RAMIREZ | C16: PT-0261 | D16: REDUCER OX 1000 | E16: TEXTIL | F16: EDGAR MUÑOZ | G16: 18.5 | H16: PRESUPUESTO | I16: 50 | J16: 100 | K16: 50 | L16: 100 | M16: 50 | N16: 100 | O16: 50 | P16: 100 | Q16: 50 | R16: 100 | S16: 50 | T16: 100 | U16: =SUM(I16:T16) -> 900 | W16: =I16*G16 -> 925 | X16: =J16*G16 -> 1850 | Y16: =K16*G16 -> 925 | Z16: =L16*G16 -> 1850 | AA16: =M16*G16 -> 925 | AB16: =N16*G16 -> 1850 | AC16: =O16*G16 -> 925 | AD16: =P16*G16 -> 1850 | AE16: =Q16*G16 -> 925 | AF16: =R16*G16 -> 1850 | AG16: =S16*G16 -> 925 | AH16: =T16*G16 -> 1850 | AI16: =SUM(W16:AH16) -> 16650
A17: 134 | B17: QUIMICA HERNANDEZ RAMIREZ | C17: PT-0194 | D17: ALFAZYME ULTRA BIO180 | E17: TEXTIL | F17: EDGAR MUÑOZ | G17: 9.8 | H17: PRESUPUESTO | I17: 250 | J17: 250 | K17: 250 | L17: 250 | M17: 250 | N17: 250 | O17: 250 | P17: 250 | Q17: 250 | R17: 250 | S17: 250 | T17: 250 | U17: =SUM(I17:T17) -> 3000 | W17: =I17*G17 -> 2450 | X17: =J17*G17 -> 2450 | Y17: =K17*G17 -> 2450 | Z17: =L17*G17 -> 2450 | AA17: =M17*G17 -> 2450 | AB17: =N17*G17 -> 2450 | AC17: =O17*G17 -> 2450 | AD17: =P17*G17 -> 2450 | AE17: =Q17*G17 -> 2450 | AF17: =R17*G17 -> 2450 | AG17: =S17*G17 -> 2450 | AH17: =T17*G17 -> 2450 | AI17: =SUM(W17:AH17) -> 29400
A18: 520 | B18: MIGUEL SALINAS | C18: 132 | D18: BIOTER OX CONC | E18: TEXTIL | F18: EDGAR MUÑOZ | G18: 7.98 | H18: PRESUPUESTO | I18: 0 | J18: 0 | K18: 50 | L18: 0 | M18: 0 | N18: 0 | O18: 50 | P18: 0 | Q18: 0 | R18: 0 | S18: 50 | T18: 0 | U18: =SUM(I18:T18) -> 150 | W18: =I18*G18 -> 0 | X18: =J18*G18 -> 0 | Y18: =K18*G18 -> 399 | Z18: =L18*G18 -> 0 | AA18: =M18*G18 -> 0 | AB18: =N18*G18 -> 0 | AC18: =O18*G18 -> 399 | AD18: =P18*G18 -> 0 | AE18: =Q18*G18 -> 0 | AF18: =R18*G18 -> 0 | AG18: =S18*G18 -> 399 | AH18: =T18*G18 -> 0 | AI18: =SUM(W18:AH18) -> 1197
A19: 520 | B19: MIGUEL SALINAS | C19: PT-0081 | D19: AQUAZYME SDL | E19: TEXTIL | F19: EDGAR MUÑOZ | G19: 2.88 | H19: PRESUPUESTO | I19: 50 | J19: 0 | K19: 50 | L19: 0 | M19: 50 | N19: 0 | O19: 50 | P19: 0 | Q19: 50 | R19: 0 | S19: 50 | T19: 0 | U19: =SUM(I19:T19) -> 300 | W19: =I19*G19 -> 144 | X19: =J19*G19 -> 0 | Y19: =K19*G19 -> 144 | Z19: =L19*G19 -> 0 | AA19: =M19*G19 -> 144 | AB19: =N19*G19 -> 0 | AC19: =O19*G19 -> 144 | AD19: =P19*G19 -> 0 | AE19: =Q19*G19 -> 144 | AF19: =R19*G19 -> 0 | AG19: =S19*G19 -> 144 | AH19: =T19*G19 -> 0 | AI19: =SUM(W19:AH19) -> 864
A20: 520 | B20: MIGUEL SALINAS | C20: 163 | D20: CELLUSOFT CR | E20: TEXTIL | F20: EDGAR MUÑOZ | G20: 6.18 | H20: PRESUPUESTO | I20: 50 | J20: 50 | K20: 50 | L20: 50 | M20: 50 | N20: 50 | O20: 50 | P20: 50 | Q20: 50 | R20: 50 | S20: 50 | T20: 50 | U20: =SUM(I20:T20) -> 600 | W20: =I20*G20 -> 309 | X20: =J20*G20 -> 309 | Y20: =K20*G20 -> 309 | Z20: =L20*G20 -> 309 | AA20: =M20*G20 -> 309 | AB20: =N20*G20 -> 309 | AC20: =O20*G20 -> 309 | AD20: =P20*G20 -> 309 | AE20: =Q20*G20 -> 309 | AF20: =R20*G20 -> 309 | AG20: =S20*G20 -> 309 | AH20: =T20*G20 -> 309 | AI20: =SUM(W20:AH20) -> 3708
A21: 516 | B21: PRODUQUIMICOS | C21: PT-0261 | D21: REDUCER OX1000 | E21: TEXTIL | F21: EDGAR MUÑOZ | G21: 18.85 | H21: PRESUPUESTO | I21: 0 | J21: 50 | K21: 0 | L21: 0 | M21: 50 | N21: 0 | O21: 0 | P21: 50 | Q21: 0 | R21: 0 | S21: 50 | T21: 0 | U21: =SUM(I21:T21) -> 200 | W21: =I21*G21 -> 0 | X21: =J21*G21 -> 942.5 | Y21: =K21*G21 -> 0 | Z21: =L21*G21 -> 0 | AA21: =M21*G21 -> 942.5 | AB21: =N21*G21 -> 0 | AC21: =O21*G21 -> 0 | AD21: =P21*G21 -> 942.5 | AE21: =Q21*G21 -> 0 | AF21: =R21*G21 -> 0 | AG21: =S21*G21 -> 942.5 | AH21: =T21*G21 -> 0 | AI21: =SUM(W21:AH21) -> 3770
A22: 543 | B22: MAGIC TEXTIL | C22: PT-0259 | D22: BIOSCOUR JET 750 | E22: TEXTIL | F22: EDGAR MUÑOZ | G22: 8.5 | H22: PRESUPUESTO | I22: 400 | J22: 400 | K22: 400 | L22: 400 | M22: 600 | N22: 600 | O22: 600 | P22: 600 | Q22: 600 | R22: 600 | S22: 600 | T22: 600 | U22: =SUM(I22:T22) -> 6400 | W22: =I22*G22 -> 3400 | X22: =J22*G22 -> 3400 | Y22: =K22*G22 -> 3400 | Z22: =L22*G22 -> 3400 | AA22: =M22*G22 -> 5100 | AB22: =N22*G22 -> 5100 | AC22: =O22*G22 -> 5100 | AD22: =P22*G22 -> 5100 | AE22: =Q22*G22 -> 5100 | AF22: =R22*G22 -> 5100 | AG22: =S22*G22 -> 5100 | AH22: =T22*G22 -> 5100 | AI22: =SUM(W22:AH22) -> 54400
A23: 55 | B23: DISTRIBUIDORA DE TEXTILES AVANTE | C23: PT-0279 | D23: BPOL 100 | E23: TEXTIL | F23: EDGAR MUÑOZ | G23: 5.1 | H23: PRESUPUESTO | I23: 0 | J23: 400 | K23: 0 | L23: 400 | M23: 0 | N23: 400 | P23: 400 | R23: 400 | T23: 400 | U23: =SUM(I23:T23) -> 2400 | W23: =I23*G23 -> 0 | X23: =J23*G23 -> 2040 | Y23: =K23*G23 -> 0 | Z23: =L23*G23 -> 2040 | AA23: =M23*G23 -> 0 | AB23: =N23*G23 -> 2040 | AC23: =O23*G23 -> 0 | AD23: =P23*G23 -> 2040 | AE23: =Q23*G23 -> 0 | AF23: =R23*G23 -> 2040 | AG23: =S23*G23 -> 0 | AH23: =T23*G23 -> 2040 | AI23: =SUM(W23:AH23) -> 12240
A24: 530 | B24: KKT TEXTILES MEXICO | C24: PT-0208 | D24: BIOLAC BASE 100 | E24: TEXTIL | F24: EDGAR MUÑOZ | G24: 26 | H24: PRESUPUESTO | I24: 0 | J24: 0 | K24: 1000 | L24: 0 | M24: 0 | O24: 1000 | S24: 1000 | U24: =SUM(I24:T24) -> 3000 | W24: =I24*G24 -> 0 | X24: =J24*G24 -> 0 | Y24: =K24*G24 -> 26000 | Z24: =L24*G24 -> 0 | AC24: =O24*G24 -> 26000 | AG24: =S24*G24 -> 26000 | AI24: =SUM(W24:AH24) -> 78000
A25: 489 | B25: MANUFACTURERA LEE DE MEXICO | C25: PT-0262 | D25: LESS STONE MAX | E25: TEXTIL | F25: EDGAR MUÑOZ | G25: 12.09 | H25: PROSPECTO | I25: 0 | J25: 0 | K25: 0 | L25: 800 | M25: 800 | N25: 800 | O25: 800 | P25: 800 | Q25: 800 | R25: 800 | S25: 800 | T25: 800 | U25: =SUM(I25:T25) -> 7200 | W25: =I25*G25 -> 0 | X25: =J25*G25 -> 0 | Y25: =K25*G25 -> 0 | Z25: =L25*G25 -> 9672 | AA25: =M25*G25 -> 9672 | AB25: =N25*G25 -> 9672 | AC25: =O25*G25 -> 9672 | AD25: =P25*G25 -> 9672 | AE25: =Q25*G25 -> 9672 | AF25: =R25*G25 -> 9672 | AG25: =S25*G25 -> 9672 | AH25: =T25*G25 -> 9672 | AI25: =SUM(W25:AH25) -> 87048
A26: 532 | B26: YAZBEK | C26: PT-0259 | D26: BIOSCOUR JET 750 | E26: TEXTIL | F26: EDGAR MUÑOZ | G26: 7.3 | H26: PROSPECTO | I26: 0 | J26: 0 | K26: 600 | L26: 2000 | M26: 3000 | N26: 3000 | O26: 3000 | P26: 3000 | Q26: 3000 | R26: 3000 | S26: 3000 | T26: 2000 | U26: =SUM(I26:T26) -> 25600 | W26: =I26*G26 -> 0 | X26: =J26*G26 -> 0 | Y26: =K26*G26 -> 4380 | Z26: =L26*G26 -> 14600 | AA26: =M26*G26 -> 21900 | AB26: =N26*G26 -> 21900 | AC26: =O26*G26 -> 21900 | AD26: =P26*G26 -> 21900 | AE26: =Q26*G26 -> 21900 | AF26: =R26*G26 -> 21900 | AG26: =S26*G26 -> 21900 | AH26: =T26*G26 -> 14600 | AI26: =SUM(W26:AH26) -> 186880
A27: 14 | B27: ARTTEX | C27: PT-0259 | D27: BIOSCOUR JET 750 | E27: TEXTIL | F27: EDGAR MUÑOZ | G27: 7.3 | H27: PROSPECTO | I27: 0 | J27: 0 | K27: 500 | L27: 500 | M27: 500 | N27: 500 | O27: 500 | P27: 500 | Q27: 500 | R27: 500 | S27: 500 | T27: 500 | U27: =SUM(I27:T27) -> 5000 | W27: =I27*G27 -> 0 | X27: =J27*G27 -> 0 | Y27: =K27*G27 -> 3650 | Z27: =L27*G27 -> 3650 | AA27: =M27*G27 -> 3650 | AB27: =N27*G27 -> 3650 | AC27: =O27*G27 -> 3650 | AD27: =P27*G27 -> 3650 | AE27: =Q27*G27 -> 3650 | AF27: =R27*G27 -> 3650 | AG27: =S27*G27 -> 3650 | AH27: =T27*G27 -> 3650 | AI27: =SUM(W27:AH27) -> 36500
B28: KALTEX | C28: PT-0208 | D28: BIOLAC BASE 100 | E28: TEXTIL | F28: EDGAR MUÑOZ | G28: 27 | H28: PROSPECTO | I28: 0 | J28: 0 | K28: 0 | L28: 0 | M28: 0 | N28: 200 | O28: 300 | P28: 300 | Q28: 300 | R28: 300 | S28: 300 | T28: 300 | U28: =SUM(I28:T28) -> 2000 | W28: =I28*G28 -> 0 | X28: =J28*G28 -> 0 | Y28: =K28*G28 -> 0 | Z28: =L28*G28 -> 0 | AA28: =M28*G28 -> 0 | AB28: =N28*G28 -> 5400 | AC28: =O28*G28 -> 8100 | AD28: =P28*G28 -> 8100 | AE28: =Q28*G28 -> 8100 | AF28: =R28*G28 -> 8100 | AG28: =S28*G28 -> 8100 | AH28: =T28*G28 -> 8100 | AI28: =SUM(W28:AH28) -> 54000
B29: KALTEX | C29: PT-0262 | D29: LESS STONE MAX | E29: TEXTIL | F29: EDGAR MUÑOZ | G29: 12.5 | H29: PROSPECTO | I29: 0 | J29: 0 | K29: 0 | L29: 0 | M29: 0 | N29: 400 | O29: 400 | P29: 400 | Q29: 400 | R29: 400 | S29: 400 | T29: 400 | U29: =SUM(I29:T29) -> 2800 | W29: =I29*G29 -> 0 | X29: =J29*G29 -> 0 | Y29: =K29*G29 -> 0 | Z29: =L29*G29 -> 0 | AA29: =M29*G29 -> 0 | AB29: =N29*G29 -> 5000 | AC29: =O29*G29 -> 5000 | AD29: =P29*G29 -> 5000 | AE29: =Q29*G29 -> 5000 | AF29: =R29*G29 -> 5000 | AG29: =S29*G29 -> 5000 | AH29: =T29*G29 -> 5000 | AI29: =SUM(W29:AH29) -> 35000
B30: TOTALTEXTIL | I30: =SUM(I6:I29) -> 1870 | J30: =SUM(J6:J29) -> 2350 | K30: =SUM(K6:K29) -> 4220 | L30: =SUM(L6:L29) -> 5600 | M30: =SUM(M6:M29) -> 6420 | N30: =SUM(N6:N29) -> 7600 | O30: =SUM(O6:O29) -> 8120 | P30: =SUM(P6:P29) -> 7550 | ... U30: =SUM(U6:U29) -> 73410 | W30: =SUM(W6:W29) -> 19872.4 | X30: =SUM(X6:X29) -> 28543.9 | Y30: =SUM(Y6:Y29) -> 55573.4 | Z30: =SUM(Z6:Z29) -> 55523.4 | AA30: =SUM(AA6:AA29) -> 57736.9 | AB30: =SUM(AB6:AB29) -> 76195.4 | AC30: =SUM(AC6:AC29) -> 96293.4 | AD30: =SUM(AD6:AD29) -> 78565.9 | ... AI30: =SUM(AI6:AI29) -> 786770.6
A31: BACTERIAS | B31: BACTERIAS | U31: =SUM(I31:T31) -> 0
A32: 55 | B32: MANFACTURERA LEE DE MEXICO | C32: MP-0249 | D32: BIOREMOVE COD SF | E32: BACTERIAS | F32: EDGAR MUÑOZ | G32: 463.5 | H32: PRESUPUESTO | I32: 8 | J32: 0 | K32: 0 | L32: 8 | M32: 0 | N32: 3 | O32: 8 | P32: 3 | Q32: 3 | R32: 8 | S32: 3 | T32: 8 | U32: =SUM(I32:T32) -> 52 | W32: =I32*G32 -> 3708 | X32: =J32*G32 -> 0 | Y32: =K32*G32 -> 0 | Z32: =L32*G32 -> 3708 | AA32: =M32*G32 -> 0 | AB32: =N32*G32 -> 1390.5 | AC32: =O32*G32 -> 3708 | AD32: =P32*G32 -> 1390.5 | AE32: =Q32*G32 -> 1390.5 | AF32: =R32*G32 -> 3708 | AG32: =S32*G32 -> 1390.5 | AH32: =T32*G32 -> 3708 | AI32: =SUM(W32:AH32) -> 24102
A33: 409 | B33: INGENIERO FRANCISCO QUINZAÑOS Y CIA | C33: MP-0194 | D33: DRAIN & TRAP 700 | E33: BACTERIAS | F33: EDGAR MUÑOZ | G33: 824 | H33: PRESUPUESTO | I33: 0 | J33: 0 | K33: 1 | L33: 1 | M33: 1 | N33: 1 | O33: 1 | P33: 1 | Q33: 1 | R33: 1 | S33: 1 | T33: 1 | U33: =SUM(I33:T33) -> 10 | W33: =I33*G33 -> 0 | X33: =J33*G33 -> 0 | Y33: =K33*G33 -> 824 | Z33: =L33*G33 -> 824 | AA33: =M33*G33 -> 824 | AB33: =N33*G33 -> 824 | AC33: =O33*G33 -> 824 | AD33: =P33*G33 -> 824 | AE33: =Q33*G33 -> 824 | AF33: =R33*G33 -> 824 | AG33: =S33*G33 -> 824 | AH33: =T33*G33 -> 824 | AI33: =SUM(W33:AH33) -> 8240
A34: 409 | B34: INGENIERO FRANCISCO QUINZAÑOS Y CIA | C34: MP-0174 | D34: ODOR CAP 5115 | E34: BACTERIAS | F34: EDGAR MUÑOZ | G34: 118.45 | H34: PRESUPUESTO | I34: 0 | J34: 0 | K34: 4 | L34: 0 | M34: 4 | N34: 8 | O34: 4 | P34: 0 | Q34: 4 | R34: 5 | S34: 0 | T34: 5 | U34: =SUM(I34:T34) -> 34 | W34: =I34*G34 -> 0 | X34: =J34*G34 -> 0 | Y34: =K34*G34 -> 473.8 | Z34: =L34*G34 -> 0 | AA34: =M34*G34 -> 473.8 | AB34: =N34*G34 -> 947.6 | AC34: =O34*G34 -> 473.8 | AD34: =P34*G34 -> 0 | AE34: =Q34*G34 -> 473.8 | AF34: =R34*G34 -> 592.25 | AG34: =S34*G34 -> 0 | AH34: =T34*G34 -> 592.25 | AI34: =SUM(W34:AH34) -> 4027.3
A35: 451 | B35: MEZCALES CASA ARMANDO | C35: MP-0174 | D35: ODOR CAP 5115 | E35: BACTERIAS | F35: EDGAR MUÑOZ | G35: 118.45 | H35: PRESUPUESTO | I35: 0 | J35: 0 | K35: 0 | L35: 40 | M35: 10 | N35: 40 | O35: 10 | P35: 10 | Q35: 10 | R35: 10 | S35: 40 | T35: 10 | U35: =SUM(I35:T35) -> 180 | W35: =I35*G35 -> 0 | X35: =J35*G35 -> 0 | Y35: =K35*G35 -> 0 | Z35: =L35*G35 -> 4738 | AA35: =M35*G35 -> 1184.5 | AB35: =N35*G35 -> 4738 | AC35: =O35*G35 -> 1184.5 | AD35: =P35*G35 -> 1184.5 | AE35: =Q35*G35 -> 1184.5 | AF35: =R35*G35 -> 1184.5 | AG35: =S35*G35 -> 4738 | AH35: =T35*G35 -> 1184.5 | AI35: =SUM(W35:AH35) -> 21321
A36: 411 | B36: TECNOLOGIA AMBIENTAL Y COMERCIAL | C36: MP-0194 | D36: DRAIN & TRAP 700 | E36: BACTERIAS | F36: EDGAR MUÑOZ | G36: 824 | H36: PRESUPUESTO | I36: 0 | J36: 0 | K36: 0 | L36: 0 | M36: 3 | N36: 3 | O36: 0 | P36: 3 | Q36: 3 | R36: 1 | S36: 3 | T36: 3 | U36: =SUM(I36:T36) -> 19 | W36: =I36*G36 -> 0 | X36: =J36*G36 -> 0 | Y36: =K36*G36 -> 0 | Z36: =L36*G36 -> 0 | AA36: =M36*G36 -> 2472 | AB36: =N36*G36 -> 2472 | AC36: =O36*G36 -> 0 | AD36: =P36*G36 -> 2472 | AE36: =Q36*G36 -> 2472 | AF36: =R36*G36 -> 824 | AG36: =S36*G36 -> 2472 | AH36: =T36*G36 -> 2472 | AI36: =SUM(W36:AH36) -> 15656
A37: 55 | B37: DISTRIBUIDORA DE TEXTILES AVANTE | C37: MP-0226 | D37: BIOREMOVE COD | E37: BACTERIAS | F37: EDGAR MUÑOZ | G37: 37.5 | H37: PRESUPUESTO | I37: 0 | J37: 0 | K37: 10 | L37: 0 | M37: 10 | N37: 15 | O37: 10 | P37: 15 | Q37: 10 | R37: 15 | S37: 10 | T37: 15 | U37: =SUM(I37:T37) -> 110 | W37: =I37*G37 -> 0 | X37: =J37*G37 -> 0 | Y37: =K37*G37 -> 375 | Z37: =L37*G37 -> 0 | AA37: =M37*G37 -> 375 | AB37: =N37*G37 -> 562.5 | AC37: =O37*G37 -> 375 | AD37: =P37*G37 -> 562.5 | AE37: =Q37*G37 -> 375 | AF37: =R37*G37 -> 562.5 | AG37: =S37*G37 -> 375 | AH37: =T37*G37 -> 562.5 | AI37: =SUM(W37:AH37) -> 4125
B38: TOTAL BACTERIAS | I38: =SUM(I32:I37) -> 8 | J38: =SUM(J32:J37) -> 0 | K38: =SUM(K32:K37) -> 15 | L38: =SUM(L32:L37) -> 49 | M38: =SUM(M32:M37) -> 28 | N38: =SUM(N32:N37) -> 70 | O38: =SUM(O32:O37) -> 33 | P38: =SUM(P32:P37) -> 32 | ... U38: =SUM(U32:U37) -> 405 | W38: =SUM(W32:W37) -> 3708 | X38: =SUM(X32:X37) -> 0 | Y38: =SUM(Y32:Y37) -> 1672.8 | Z38: =SUM(Z32:Z37) -> 9270 | AA38: =SUM(AA32:AA37) -> 5329.3 | AB38: =SUM(AB32:AB37) -> 10934.6 | AC38: =SUM(AC32:AC37) -> 6565.3 | AD38: =SUM(AD32:AD37) -> 6433.5 | ... AI38: =SUM(AI32:AI37) -> 77471.3
A39: F&N | B39: F&N
B40: NUPLEN | C40: MP-0194 | D40: NUP A (Alcalase) | E40: F&N | F40: EDGAR MUÑOZ | G40: 25 | H40: PRESUPUESTO | I40: 0 | J40: 125 | K40: 0 | L40: 0 | M40: 125 | N40: 0 | O40: 0 | P40: 125 | Q40: 0 | R40: 0 | S40: 125 | T40: 0 | U40: =SUM(I40:T40) -> 500 | W40: =I40*G40 -> 0 | X40: =J40*G40 -> 3125 | Y40: =K40*G40 -> 0 | Z40: =L40*G40 -> 0 | AA40: =M40*G40 -> 3125 | AB40: =N40*G40 -> 0 | AC40: =O40*G40 -> 0 | AD40: =P40*G40 -> 3125 | AE40: =Q40*G40 -> 0 | AF40: =R40*G40 -> 0 | AG40: =S40*G40 -> 3125 | AH40: =T40*G40 -> 0 | AI40: =SUM(W40:AH40) -> 12500
A41: 451 | B41: MEZCALES CASA ARMANDO | D41: BIOZYME PROOF A | E41: F&N | F41: EDGAR MUÑOZ | G41: 120 | H41: PROSPECTO | I41: 0 | J41: 0 | K41: 0 | L41: 100 | M41: 100 | N41: 150 | O41: 150 | P41: 0 | Q41: 0 | R41: 150 | S41: 150 | T41: 150 | U41: =SUM(I41:T41) -> 950 | W41: =I41*G41 -> 0 | X41: =J41*G41 -> 0 | Y41: =K41*G41 -> 0 | Z41: =L41*G41 -> 12000 | AA41: =M41*G41 -> 12000 | AB41: =N41*G41 -> 18000 | AC41: =O41*G41 -> 18000 | AD41: =P41*G41 -> 0 | AE41: =Q41*G41 -> 0 | AF41: =R41*G41 -> 18000 | AG41: =S41*G41 -> 18000 | AH41: =T41*G41 -> 18000 | AI41: =SUM(W41:AH41) -> 114000
B42: GUAJARDO | D42: ARNET 100 | E42: F&N | F42: EDGAR MUÑOZ | G42: 18 | H42: PROSPECTO | I42: 0 | J42: 0 | K42: 0 | L42: 0 | M42: 0 | N42: 400 | O42: 500 | P42: 500 | Q42: 500 | R42: 500 | S42: 500 | T42: 500 | U42: =SUM(I42:T42) -> 3400 | W42: =I42*G42 -> 0 | X42: =J42*G42 -> 0 | Y42: =K42*G42 -> 0 | Z42: =L42*G42 -> 0 | AA42: =M42*G42 -> 0 | AB42: =N42*G42 -> 7200 | AC42: =O42*G42 -> 9000 | AD42: =P42*G42 -> 9000 | AE42: =Q42*G42 -> 9000 | AF42: =R42*G42 -> 9000 | AG42: =S42*G42 -> 9000 | AH42: =T42*G42 -> 9000 | AI42: =SUM(W42:AH42) -> 61200
B43: PILGRIMS | C43: RE-0044 | D43: ARNET 100 | E43: F&N | F43: EDGAR MUÑOZ | G43: 18 | H43: PROSPECTO | I43: 0 | J43: 0 | K43: 0 | L43: 0 | M43: 600 | N43: 800 | O43: 800 | P43: 800 | Q43: 800 | R43: 800 | S43: 800 | T43: 800 | U43: =SUM(I43:T43) -> 6200 | W43: =I43*G43 -> 0 | X43: =J43*G43 -> 0 | Y43: =K43*G43 -> 0 | Z43: =L43*G43 -> 0 | AA43: =M43*G43 -> 10800 | AB43: =N43*G43 -> 14400 | AC43: =O43*G43 -> 14400 | AD43: =P43*G43 -> 14400 | AE43: =Q43*G43 -> 14400 | AF43: =R43*G43 -> 14400 | AG43: =S43*G43 -> 14400 | AH43: =T43*G43 -> 14400 | AI43: =SUM(W43:AH43) -> 111600
A44: 539 | B44: PATSA | C44: RE-0044 | D44: ARNET 100 | E44: F&N | F44: EDGAR MUÑOZ | G44: 18 | H44: PROSPECTO | I44: 0 | J44: 0 | K44: 0 | L44: 0 | M44: 1000 | N44: 1000 | O44: 1000 | P44: 1000 | Q44: 1000 | R44: 1000 | S44: 1000 | T44: 1000 | U44: =SUM(I44:T44) -> 8000 | W44: =I44*G44 -> 0 | X44: =J44*G44 -> 0 | Y44: =K44*G44 -> 0 | Z44: =L44*G44 -> 0 | AA44: =M44*G44 -> 18000 | AB44: =N44*G44 -> 18000 | AC44: =O44*G44 -> 18000 | AD44: =P44*G44 -> 18000 | AE44: =Q44*G44 -> 18000 | AF44: =R44*G44 -> 18000 | AG44: =S44*G44 -> 18000 | AH44: =T44*G44 -> 18000 | AI44: =SUM(W44:AH44) -> 144000
B45: TOTAL F&N | I45: =SUM(I40:I44) -> 0 | J45: =SUM(J40:J44) -> 125 | K45: =SUM(K40:K44) -> 0 | L45: =SUM(L40:L44) -> 100 | M45: =SUM(M40:M44) -> 1825 | N45: =SUM(N40:N44) -> 2350 | O45: =SUM(O40:O44) -> 2450 | P45: =SUM(P40:P44) -> 2425 | ... U45: =SUM(U40:U44) -> 19050 | W45: =SUM(W40:W44) -> 0 | X45: =SUM(X40:X44) -> 3125 | Y45: =SUM(Y40:Y44) -> 0 | Z45: =SUM(Z40:Z44) -> 12000 | AA45: =SUM(AA40:AA44) -> 43925 | AB45: =SUM(AB40:AB44) -> 57600 | AC45: =SUM(AC40:AC44) -> 59400 | AD45: =SUM(AD40:AD44) -> 44525 | ... AI45: =SUM(AI40:AI44) -> 443300
W47: =W30+W38+W45 -> 23580.4 | X47: =X30+X38+X45 -> 31668.9 | Y47: =Y30+Y38+Y45 -> 57246.2 | Z47: =Z30+Z38+Z45 -> 76793.4 | AA47: =AA30+AA38+AA45 -> 106991.2 | AB47: =AB30+AB38+AB45 -> 144730 | AC47: =AC30+AC38+AC45 -> 162258.7 | AD47: =AD30+AD38+AD45 -> 129524.4 | ... AH47: =AH30+AH38+AH45 -> 141183.45
AI48: =AI30+AI38+AI45 -> 1307541.9

Sheet RADAMÉS 2026
B2: PRESUPUESTO RADAMÉS BÁEZ 2026
I3: VOLUMEN (Kg) | W3: DÓLARES
A4: CLAVE | B4: NOMBRE DEL CLIENTE | C4: CLAVE DEL PRODUCTO SKU | D4: PRODUCTO | E4: AREA | F4: VENDEDOR | G4: PRECIO UNITARIO EN DÓLARES | H4: TIPO | I4: ENERO | J4: FEBRERO | K4: MARZO | L4: ABRIL | M4: MAYO | N4: JUNIO | O4: JULIO | P4: AGOSTO | Q4: SEPTIEMBRE | R4: OCTUBRE | S4: NOVIEMBRE | T4: DICIEMBRE | U4: TOTAL | W4: ENERO | X4: FEBRERO | Y4: MARZO | Z4: ABRIL | AA4: MAYO | AB4: JUNIO | AC4: JULIO | AD4: AGOSTO | AE4: SEPTIEMBRE | AF4: OCTUBRE | AG4: NOVIEMBRE | AH4: DICIEMBRE | AI4: TOTAL
A5: 89 | B5: KERRY INGREDIENTS DE MEXICO SA DE CV | C5: PT-0003 | D5: BIOALFAZYME 4000 | E5: PAN | F5: RADAMES BAEZ | G5: 82.5 | H5: PRESUPUESTO | I5: 0 | J5: 0 | K5: 20 | L5: 0 | M5: 0 | N5: 0 | O5: 0 | P5: 20 | Q5: 0 | R5: 0 | S5: 0 | T5: 0 | U5: =SUM(I5:T5) -> 40 | W5: =$G5*I5 -> 0 | X5: =$G5*J5 -> 0 | Y5: =$G5*K5 -> 1650 | Z5: =$G5*L5 -> 0 | AA5: =$G5*M5 -> 0 | AB5: =$G5*N5 -> 0 | AC5: =$G5*O5 -> 0 | AD5: =$G5*P5 -> 1650 | ... AH5: =$G5*T5 -> 0 | AI5: =SUM(W5:AH5) -> 3300
A6: 89 | B6: KERRY INGREDIENTS DE MEXICO SA DE CV | C6: RE-0011 | D6: BIOHEMIZYME PANZ | E6: PAN | F6: RADAMES BAEZ | G6: 62.5 | H6: PRESUPUESTO | I6: 100 | J6: 0 | K6: 0 | L6: 0 | M6: 0 | N6: 0 | O6: 0 | P6: 0 | Q6: 0 | R6: 0 | S6: 20 | T6: 0 | U6: =SUM(I6:T6) -> 120 | W6: =$G6*I6 -> 6250 | X6: =$G6*J6 -> 0 | Y6: =$G6*K6 -> 0 | Z6: =$G6*L6 -> 0 | AA6: =$G6*M6 -> 0 | AB6: =$G6*N6 -> 0 | AC6: =$G6*O6 -> 0 | AD6: =$G6*P6 -> 0 | ... AH6: =$G6*T6 -> 0 | AI6: =SUM(W6:AH6) -> 7500
A7: 89 | B7: KERRY INGREDIENTS DE MEXICO SA DE CV | C7: 17 | D7: AMILSOFT 1500 | E7: PAN | F7: RADAMES BAEZ | G7: 84.5 | H7: PRESUPUESTO | I7: 0 | J7: 0 | K7: 20 | L7: 0 | M7: 20 | N7: 0 | O7: 20 | P7: 20 | Q7: 0 | R7: 0 | S7: 0 | T7: 0 | U7: =SUM(I7:T7) -> 80 | W7: =$G7*I7 -> 0 | X7: =$G7*J7 -> 0 | Y7: =$G7*K7 -> 1690 | Z7: =$G7*L7 -> 0 | AA7: =$G7*M7 -> 1690 | AB7: =$G7*N7 -> 0 | AC7: =$G7*O7 -> 1690 | AD7: =$G7*P7 -> 1690 | ... AH7: =$G7*T7 -> 0 | AI7: =SUM(W7:AH7) -> 6760
A8: 306 | B8: GRIFFITH FOODS SA DE CV | C8: RE-0011 | D8: BIOHEMIZYME PANZ | E8: PAN | F8: RADAMES BAEZ | G8: 58.5 | H8: PRESUPUESTO | I8: 100 | J8: 200 | K8: 0 | L8: 200 | M8: 0 | N8: 200 | O8: 0 | P8: 200 | Q8: 0 | R8: 200 | S8: 0 | T8: 100 | U8: =SUM(I8:T8) -> 1200 | W8: =$G8*I8 -> 5850 | X8: =$G8*J8 -> 11700 | Y8: =$G8*K8 -> 0 | Z8: =$G8*L8 -> 11700 | AA8: =$G8*M8 -> 0 | AB8: =$G8*N8 -> 11700 | AC8: =$G8*O8 -> 0 | AD8: =$G8*P8 -> 11700 | ... AH8: =$G8*T8 -> 5850 | AI8: =SUM(W8:AH8) -> 70200
A9: 306 | B9: GRIFFITH FOODS SA DE CV | C9: PT-0057 | D9: ZYMASE S800 | E9: PAN | F9: RADAMES BAEZ | G9: 5.5 | H9: PRESUPUESTO | I9: 0 | J9: 0 | K9: 0 | L9: 100 | M9: 0 | N9: 0 | O9: 100 | P9: 0 | Q9: 0 | R9: 100 | S9: 0 | T9: 0 | U9: =SUM(I9:T9) -> 300 | W9: =$G9*I9 -> 0 | X9: =$G9*J9 -> 0 | Y9: =$G9*K9 -> 0 | Z9: =$G9*L9 -> 550 | AA9: =$G9*M9 -> 0 | AB9: =$G9*N9 -> 0 | AC9: =$G9*O9 -> 550 | AD9: =$G9*P9 -> 0 | ... AH9: =$G9*T9 -> 0 | AI9: =SUM(W9:AH9) -> 1650
A10: 107 | B10: PABLO IGNACIO MICHEL ONTIVEROS | C10: PT-0003 | D10: BIOALFAZYME 4000 | E10: PAN | F10: RADAMES BAEZ | G10: 73.6 | H10: PRESUPUESTO | I10: 0 | J10: 0 | K10: 0 | L10: 0 | M10: 20 | N10: 0 | O10: 20 | P10: 0 | Q10: 20 | R10: 0 | S10: 20 | T10: 20 | U10: =SUM(I10:T10) -> 100 | W10: =$G10*I10 -> 0 | X10: =$G10*J10 -> 0 | Y10: =$G10*K10 -> 0 | Z10: =$G10*L10 -> 0 | AA10: =$G10*M10 -> 1472 | AB10: =$G10*N10 -> 0 | AC10: =$G10*O10 -> 1472 | AD10: =$G10*P10 -> 0 | ... AH10: =$G10*T10 -> 1472 | AI10: =SUM(W10:AH10) -> 7360
A11: 403 | B11: TECNOLOGIA EN INGREDIENTES ALIMENTICIOS | C11: 17 | D11: AMILSOFT 1500 | E11: PAN | F11: RADAMES BAEZ | G11: 82.5 | H11: PRESUPUESTO | I11: 0 | J11: 100 | K11: 100 | L11: 0 | M11: 0 | N11: 0 | O11: 40 | P11: 0 | Q11: 100 | R11: 20 | S11: 0 | T11: 0 | U11: =SUM(I11:T11) -> 360 | W11: =$G11*I11 -> 0 | X11: =$G11*J11 -> 8250 | Y11: =$G11*K11 -> 8250 | Z11: =$G11*L11 -> 0 | AA11: =$G11*M11 -> 0 | AB11: =$G11*N11 -> 0 | AC11: =$G11*O11 -> 3300 | AD11: =$G11*P11 -> 0 | ... AH11: =$G11*T11 -> 0 | AI11: =SUM(W11:AH11) -> 29700
A12: 104 | B12: MEJORPLUS SA DE CV | C12: RE-0011 | D12: BIOALFAZYME 4000 | E12: PAN | F12: RADAMES BAEZ | G12: 81.5 | H12: PRESUPUESTO | I12: 0 | J12: 0 | K12: 0 | L12: 0 | M12: 20 | N12: 0 | O12: 20 | P12: 0 | Q12: 0 | R12: 0 | S12: 0 | T12: 0 | U12: =SUM(I12:T12) -> 40 | W12: =$G12*I12 -> 0 | X12: =$G12*J12 -> 0 | Y12: =$G12*K12 -> 0 | Z12: =$G12*L12 -> 0 | AA12: =$G12*M12 -> 1630 | AB12: =$G12*N12 -> 0 | AC12: =$G12*O12 -> 1630 | AD12: =$G12*P12 -> 0 | ... AH12: =$G12*T12 -> 0 | AI12: =SUM(W12:AH12) -> 3260
A13: 104 | B13: MEJORPLUS SA DE CV | C13: RE021 | D13: BIOLIP F | E13: PAN | F13: RADAMES BAEZ | G13: 245 | H13: PRESUPUESTO | I13: 0 | J13: 0 | K13: 20 | L13: 0 | M13: 0 | N13: 0 | O13: 20 | P13: 0 | Q13: 20 | R13: 0 | S13: 20 | T13: 0 | U13: =SUM(I13:T13) -> 80 | W13: =$G13*I13 -> 0 | X13: =$G13*J13 -> 0 | Y13: =$G13*K13 -> 4900 | Z13: =$G13*L13 -> 0 | AA13: =$G13*M13 -> 0 | AB13: =$G13*N13 -> 0 | AC13: =$G13*O13 -> 4900 | AD13: =$G13*P13 -> 0 | ... AH13: =$G13*T13 -> 0 | AI13: =SUM(W13:AH13) -> 19600
A14: 104 | B14: MEJORPLUS SA DE CV | C14: RE-0021 | D14: BIOLIP 50 BG | E14: PAN | F14: RADAMES BAEZ | G14: 113 | H14: PRESUPUESTO | I14: 0 | J14: 0 | K14: 0 | L14: 0 | M14: 20 | N14: 0 | O14: 0 | P14: 0 | Q14: 0 | R14: 0 | S14: 20 | T14: 0 | U14: =SUM(I14:T14) -> 40 | W14: =$G14*I14 -> 0 | X14: =$G14*J14 -> 0 | Y14: =$G14*K14 -> 0 | Z14: =$G14*L14 -> 0 | AA14: =$G14*M14 -> 2260 | AB14: =$G14*N14 -> 0 | AC14: =$G14*O14 -> 0 | AD14: =$G14*P14 -> 0 | ... AH14: =$G14*T14 -> 0 | AI14: =SUM(W14:AH14) -> 4520
A15: 104 | B15: MEJORPLUS SA DE CV | C15: RE-0022 | D15: BIOLIP EXTRA | E15: PAN | F15: RADAMES BAEZ | G15: 201 | H15: PRESUPUESTO | I15: 0 | J15: 0 | K15: 0 | L15: 0 | M15: 0 | N15: 20 | O15: 0 | P15: 0 | Q15: 0 | R15: 0 | S15: 20 | T15: 0 | U15: =SUM(I15:T15) -> 40 | W15: =$G15*I15 -> 0 | X15: =$G15*J15 -> 0 | Y15: =$G15*K15 -> 0 | Z15: =$G15*L15 -> 0 | AA15: =$G15*M15 -> 0 | AB15: =$G15*N15 -> 4020 | AC15: =$G15*O15 -> 0 | AD15: =$G15*P15 -> 0 | ... AH15: =$G15*T15 -> 0 | AI15: =SUM(W15:AH15) -> 8040
A16: 440 | B16: MEJORPLUS SA DE CV | C16: 17 | D16: AMILSOFT 1500 | E16: PAN | F16: RADAMES BAEZ | G16: 85 | H16: PRESUPUESTO | I16: 0 | J16: 0 | K16: 0 | L16: 0 | M16: 0 | N16: 0 | O16: 100 | P16: 100 | Q16: 0 | R16: 0 | S16: 0 | T16: 0 | U16: =SUM(I16:T16) -> 200 | W16: =$G16*I16 -> 0 | X16: =$G16*J16 -> 0 | Y16: =$G16*K16 -> 0 | Z16: =$G16*L16 -> 0 | AA16: =$G16*M16 -> 0 | AB16: =$G16*N16 -> 0 | AC16: =$G16*O16 -> 8500 | AD16: =$G16*P16 -> 8500 | ... AH16: =$G16*T16 -> 0 | AI16: =SUM(W16:AH16) -> 17000
A17: 104 | B17: MEJORPLUS SA DE CV | C17: RE-0012 | D17: BIOHEMIZYME PANZ | E17: PAN | F17: RADAMES BAEZ | G17: 60.5 | H17: PRESUPUESTO | I17: 100 | J17: 0 | K17: 40 | L17: 0 | M17: 40 | N17: 20 | O17: 20 | P17: 0 | Q17: 40 | R17: 0 | S17: 20 | T17: 0 | U17: =SUM(I17:T17) -> 280 | W17: =$G17*I17 -> 6050 | X17: =$G17*J17 -> 0 | Y17: =$G17*K17 -> 2420 | Z17: =$G17*L17 -> 0 | AA17: =$G17*M17 -> 2420 | AB17: =$G17*N17 -> 1210 | AC17: =$G17*O17 -> 1210 | AD17: =$G17*P17 -> 0 | ... AH17: =$G17*T17 -> 0 | AI17: =SUM(W17:AH17) -> 16940
A18: 440 | B18: BIMBO | C18: PT-109 | D18: SUPER SOFTA ABBG | E18: PAN | F18: RADAMES BAEZ | G18: 21.9 | H18: PRESPUESTO | I18: 50 | J18: 50 | K18: 100 | L18: 200 | M18: 200 | N18: 125 | O18: 200 | P18: 175 | Q18: 200 | R18: 200 | S18: 100 | T18: 0 | U18: =SUM(I18:T18) -> 1600 | W18: =$G18*I18 -> 1095 | X18: =$G18*J18 -> 1095 | Y18: =$G18*K18 -> 2190 | Z18: =$G18*L18 -> 4380 | AA18: =$G18*M18 -> 4380 | AB18: =$G18*N18 -> 2737.5 | AC18: =$G18*O18 -> 4380 | AD18: =$G18*P18 -> 3832.5 | ... AH18: =$G18*T18 -> 0 | AI18: =SUM(W18:AH18) -> 35040
A19: 130 | B19: PRODUCTOS PERLA, SA DE CV | C19: 134 | D19: BIOZYME 187 XB | E19: PAN | F19: RADAMES BAEZ | G19: 9.5 | H19: PRESUPUESTO | I19: 100 | J19: 0 | K19: 100 | L19: 0 | M19: 100 | N19: 100 | O19: 100 | P19: 100 | Q19: 100 | R19: 0 | S19: 120 | T19: 0 | U19: =SUM(I19:T19) -> 820 | W19: =$G19*I19 -> 950 | X19: =$G19*J19 -> 0 | Y19: =$G19*K19 -> 950 | Z19: =$G19*L19 -> 0 | AA19: =$G19*M19 -> 950 | AB19: =$G19*N19 -> 950 | AC19: =$G19*O19 -> 950 | AD19: =$G19*P19 -> 950 | ... AH19: =$G19*T19 -> 0 | AI19: =SUM(W19:AH19) -> 7790
A20: 130 | B20: PRODUCTOS PERLA, SA DE CV | C20: PT-0078 | D20: FERMZYME | E20: PAN | F20: RADAMES BAEZ | G20: 24 | H20: PRESUPUESTO | I20: 0 | J20: 20 | K20: 0 | L20: 20 | M20: 0 | N20: 0 | O20: 20 | P20: 0 | Q20: 20 | R20: 0 | S20: 0 | T20: 0 | U20: =SUM(I20:T20) -> 80 | W20: =$G20*I20 -> 0 | X20: =$G20*J20 -> 480 | Y20: =$G20*K20 -> 0 | Z20: =$G20*L20 -> 480 | AA20: =$G20*M20 -> 0 | AB20: =$G20*N20 -> 0 | AC20: =$G20*O20 -> 480 | AD20: =$G20*P20 -> 0 | ... AH20: =$G20*T20 -> 0 | AI20: =SUM(W20:AH20) -> 1920
A21: 174 | B21: GRUPO INDUSTRIAL CUADRITOS BIOTEK SA DE CV | C21: PT-0177 | D21: BIOAMIL SUPER | E21: PAN | F21: RADAMES BAEZ | G21: 20.5 | H21: PRESUPUESTO | I21: 160 | J21: 0 | K21: 100 | L21: 0 | M21: 100 | N21: 0 | O21: 100 | P21: 0 | Q21: 0 | R21: 0 | S21: 100 | T21: 0 | U21: =SUM(I21:T21) -> 560 | W21: =$G21*I21 -> 3280 | X21: =$G21*J21 -> 0 | Y21: =$G21*K21 -> 2050 | Z21: =$G21*L21 -> 0 | AA21: =$G21*M21 -> 2050 | AB21: =$G21*N21 -> 0 | AC21: =$G21*O21 -> 2050 | AD21: =$G21*P21 -> 0 | ... AH21: =$G21*T21 -> 0 | AI21: =SUM(W21:AH21) -> 11480
A22: S/C | B22: LA MODERNA USA | C22: PENDIENTE | D22: FORTEZYME ND | E22: PAN | F22: RADAMES BAEZ | G22: 200 | H22: PROSPECTO | I22: 0 | J22: 0 | K22: 0 | L22: 0 | M22: 100 | N22: 100 | O22: 100 | P22: 150 | Q22: 150 | R22: 100 | S22: 100 | T22: 100 | U22: =SUM(I22:T22) -> 900 | W22: =$G22*I22 -> 0 | X22: =$G22*J22 -> 0 | Y22: =$G22*K22 -> 0 | Z22: =$G22*L22 -> 0 | AA22: =$G22*M22 -> 20000 | AB22: =$G22*N22 -> 20000 | AC22: =$G22*O22 -> 20000 | AD22: =$G22*P22 -> 30000 | ... AH22: =$G22*T22 -> 20000 | AI22: =SUM(W22:AH22) -> 180000
A23: S/C | B23: TOKS | C23: PT-0278 | D23: STREN FZN 100 | E23: PAN | F23: RADAMES BAEZ | G23: 32 | H23: PROSPECTO | I23: 0 | J23: 0 | K23: 0 | L23: 0 | M23: 20 | N23: 20 | O23: 20 | P23: 20 | Q23: 20 | R23: 40 | S23: 20 | T23: 20 | U23: =SUM(I23:T23) -> 180 | W23: =$G23*I23 -> 0 | X23: =$G23*J23 -> 0 | Y23: =$G23*K23 -> 0 | Z23: =$G23*L23 -> 0 | AA23: =$G23*M23 -> 640 | AB23: =$G23*N23 -> 640 | AC23: =$G23*O23 -> 640 | AD23: =$G23*P23 -> 640 | ... AH23: =$G23*T23 -> 640 | AI23: =SUM(W23:AH23) -> 5760
B24: TOTAL PAN | W24: =SUM(W5:W23) -> 23475 | X24: =SUM(X5:X23) -> 21525 | Y24: =SUM(Y5:Y23) -> 24100 | Z24: =SUM(Z5:Z23) -> 17110 | AA24: =SUM(AA5:AA23) -> 37492 | AB24: =SUM(AB5:AB23) -> 41257.5 | AC24: =SUM(AC5:AC23) -> 51752 | AD24: =SUM(AD5:AD23) -> 58962.5 | ... AI24: =SUM(AI5:AI23) -> 437820
A26: 89 | B26: KERRY INGREDIENTS DE MEXICO SA DE CV | C26: 202 | D26: FLAVOURZYME 500 MG | E26: F&N | F26: RADAMES BAEZ | G26: 95 | H26: PRESUPUESTO | I26: 0 | J26: 20 | K26: 0 | L26: 20 | M26: 0 | N26: 0 | O26: 20 | P26: 0 | Q26: 20 | R26: 0 | S26: 0 | T26: 20 | U26: =SUM(I26:T26) -> 100 | W26: =$G26*I26 -> 0 | X26: =$G26*J26 -> 1900 | Y26: =$G26*K26 -> 0 | Z26: =$G26*L26 -> 1900 | AA26: =$G26*M26 -> 0 | AB26: =$G26*N26 -> 0 | AC26: =$G26*O26 -> 1900 | AD26: =$G26*P26 -> 0 | ... AH26: =$G26*T26 -> 1900 | AI26: =SUM(W26:AH26) -> 9500
A27: 89 | B27: KERRY INGREDIENTS DE MEXICO SA DE CV | C27: 258 | D27: NEUTRASE 1.5 MG | E27: F&N | F27: RADAMES BAEZ | G27: 86.52 | H27: PRESUPUESTO | I27: 0 | J27: 40 | K27: 0 | L27: 20 | M27: 0 | N27: 40 | O27: 0 | P27: 20 | Q27: 40 | R27: 0 | S27: 20 | T27: 0 | U27: =SUM(I27:T27) -> 180 | W27: =$G27*I27 -> 0 | X27: =$G27*J27 -> 3460.8 | Y27: =$G27*K27 -> 0 | Z27: =$G27*L27 -> 1730.4 | AA27: =$G27*M27 -> 0 | AB27: =$G27*N27 -> 3460.8 | AC27: =$G27*O27 -> 0 | AD27: =$G27*P27 -> 1730.4 | ... AH27: =$G27*T27 -> 0 | AI27: =SUM(W27:AH27) -> 15573.6
A28: 89 | B28: KERRY INGREDIENTS DE MEXICO SA DE CV | C28: MP-0001 | D28: PALATASE | E28: F&N | F28: RADAMES BAEZ | G28: 952 | H28: PRESUPUESTO | I28: 0 | J28: 10 | K28: 0 | L28: 0 | M28: 10 | N28: 0 | O28: 10 | P28: 5 | Q28: 5 | R28: 0 | S28: 10 | T28: 0 | U28: =SUM(I28:T28) -> 50 | W28: =$G28*I28 -> 0 | X28: =$G28*J28 -> 9520 | Y28: =$G28*K28 -> 0 | Z28: =$G28*L28 -> 0 | AA28: =$G28*M28 -> 9520 | AB28: =$G28*N28 -> 0 | AC28: =$G28*O28 -> 9520 | AD28: =$G28*P28 -> 4760 | ... AH28: =$G28*T28 -> 0 | AI28: =SUM(W28:AH28) -> 47600
A29: 456 | B29: PROTEINAS MARINAS Y HARINAS DE SINALOA | C29: PT-0125 | D29: BIOALCA PLUS | E29: F&N | F29: RADAMES BAEZ | G29: 19 | H29: PRESUPUESTO | I29: 0 | J29: 0 | K29: 0 | L29: 0 | M29: 0 | N29: 0 | O29: 0 | P29: 0 | Q29: 900 | R29: 1000 | S29: 1100 | T29: 0 | U29: =SUM(I29:T29) -> 3000 | W29: =$G29*I29 -> 0 | X29: =$G29*J29 -> 0 | Y29: =$G29*K29 -> 0 | Z29: =$G29*L29 -> 0 | AA29: =$G29*M29 -> 0 | AB29: =$G29*N29 -> 0 | AC29: =$G29*O29 -> 0 | AD29: =$G29*P29 -> 0 | ... AH29: =$G29*T29 -> 0 | AI29: =SUM(W29:AH29) -> 57000
A30: 482 | B30: PRODUCTOS LACTEOS LA PROVIDENCIA | C30: 258 | D30: NEUTRASE 1.5 MG | E30: F&N | F30: RADAMES BAEZ | G30: 101.8 | H30: PRESUPUESTO | I30: 40 | J30: 40 | K30: 40 | L30: 40 | M30: 40 | N30: 40 | O30: 40 | P30: 40 | Q30: 40 | R30: 40 | S30: 40 | T30: 40 | U30: =SUM(I30:T30) -> 480 | W30: =$G30*I30 -> 4072 | X30: =$G30*J30 -> 4072 | Y30: =$G30*K30 -> 4072 | Z30: =$G30*L30 -> 4072 | AA30: =$G30*M30 -> 4072 | AB30: =$G30*N30 -> 4072 | AC30: =$G30*O30 -> 4072 | AD30: =$G30*P30 -> 4072 | ... AH30: =$G30*T30 -> 4072 | AI30: =SUM(W30:AH30) -> 48864
A31: 531 | B31: PODER ORGANICO MCH | C31: RE-0037 | D31: ALCALASE 2.5 L | E31: F&n | F31: RADAMES BAEZ | G31: 34.7 | H31: PRESUPUESTO | I31: 0 | J31: 0 | K31: 50 | L31: 50 | M31: 50 | N31: 0 | O31: 50 | P31: 0 | Q31: 50 | R31: 0 | S31: 50 | T31: 0 | U31: =SUM(I31:T31) -> 300 | W31: =$G31*I31 -> 0 | X31: =$G31*J31 -> 0 | Y31: =$G31*K31 -> 1735 | Z31: =$G31*L31 -> 1735 | AA31: =$G31*M31 -> 1735 | AB31: =$G31*N31 -> 0 | AC31: =$G31*O31 -> 1735 | AD31: =$G31*P31 -> 0 | ... AH31: =$G31*T31 -> 0 | AI31: =SUM(W31:AH31) -> 10410
A32: S/C | B32: AGROMIT | C32: PENDIENTE | D32: HPRO-1200 | E32: F&N | F32: RADAMES BAEZ | G32: 30 | H32: PROSPECTO | I32: 0 | J32: 0 | K32: 0 | L32: 150 | M32: 150 | N32: 150 | O32: 150 | P32: 150 | Q32: 100 | R32: 100 | S32: 100 | T32: 100 | U32: =SUM(I32:T32) -> 1150 | W32: =$G32*I32 -> 0 | X32: =$G32*J32 -> 0 | Y32: =$G32*K32 -> 0 | Z32: =$G32*L32 -> 4500 | AA32: =$G32*M32 -> 4500 | AB32: =$G32*N32 -> 4500 | AC32: =$G32*O32 -> 4500 | AD32: =$G32*P32 -> 4500 | ... AH32: =$G32*T32 -> 3000 | AI32: =SUM(W32:AH32) -> 34500
A33: S/C | B33: KOFANOR | C33: PENDIENTE | D33: HPRO-1200 | E33: F&N | F33: RADAMES BAEZ | G33: 30 | H33: PROSPECTO | I33: 0 | J33: 0 | K33: 0 | L33: 100 | M33: 150 | N33: 150 | O33: 150 | P33: 150 | Q33: 100 | R33: 100 | S33: 100 | T33: 100 | U33: =SUM(I33:T33) -> 1100 | W33: =$G33*I33 -> 0 | X33: =$G33*J33 -> 0 | Y33: =$G33*K33 -> 0 | Z33: =$G33*L33 -> 3000 | AA33: =$G33*M33 -> 4500 | AB33: =$G33*N33 -> 4500 | AC33: =$G33*O33 -> 4500 | AD33: =$G33*P33 -> 4500 | ... AH33: =$G33*T33 -> 3000 | AI33: =SUM(W33:AH33) -> 33000
A34: S/C | B34: SU POLLO | C34: PENDIENTE | D34: HPRO-1200 | E34: F&N | F34: RADAMES BAEZ | G34: 30 | H34: PROSPECTO | I34: 0 | J34: 0 | K34: 0 | L34: 0 | M34: 75 | N34: 75 | O34: 75 | P34: 75 | Q34: 75 | R34: 75 | S34: 75 | T34: 75 | U34: =SUM(I34:T34) -> 600 | W34: =$G34*I34 -> 0 | X34: =$G34*J34 -> 0 | Y34: =$G34*K34 -> 0 | Z34: =$G34*L34 -> 0 | AA34: =$G34*M34 -> 2250 | AB34: =$G34*N34 -> 2250 | AC34: =$G34*O34 -> 2250 | AD34: =$G34*P34 -> 2250 | ... AH34: =$G34*T34 -> 2250 | AI34: =SUM(W34:AH34) -> 18000
A35: S/C | B35: INDUSTRIAS FARINA | C35: PT-0175 | D35: BIOALCA PLUS | E35: F&N | F35: RADAMES BAEZ | G35: 23 | H35: PROSPECTO | I35: 0 | J35: 0 | K35: 0 | L35: 25 | M35: 25 | N35: 25 | O35: 25 | P35: 25 | Q35: 25 | R35: 25 | S35: 25 | T35: 25 | U35: =SUM(I35:T35) -> 225 | W35: =$G35*I35 -> 0 | X35: =$G35*J35 -> 0 | Y35: =$G35*K35 -> 0 | Z35: =$G35*L35 -> 575 | AA35: =$G35*M35 -> 575 | AB35: =$G35*N35 -> 575 | AC35: =$G35*O35 -> 575 | AD35: =$G35*P35 -> 575 | ... AH35: =$G35*T35 -> 575 | AI35: =SUM(W35:AH35) -> 5175
A36: S/C | B36: CASA CENTINELA | C36: PENDIENTE | D36: BIOZYME PROOF A | E36: F&N | F36: RADAMES BAEZ | G36: 100 | H36: PROSPECTO | I36: 0 | J36: 0 | K36: 0 | L36: 150 | M36: 500 | N36: 500 | O36: 500 | P36: 500 | Q36: 500 | R36: 500 | S36: 0 | T36: 0 | U36: =SUM(I36:T36) -> 3150 | W36: =$G36*I36 -> 0 | X36: =$G36*J36 -> 0 | Y36: =$G36*K36 -> 0 | Z36: =$G36*L36 -> 15000 | AA36: =$G36*M36 -> 50000 | AB36: =$G36*N36 -> 50000 | AC36: =$G36*O36 -> 50000 | AD36: =$G36*P36 -> 50000 | ... AH36: =$G36*T36 -> 0 | AI36: =SUM(W36:AH36) -> 315000
A37: S/C | B37: TEQUILA GALINDO | C37: PENDIENTE | D37: BIOZYME PROOF A | E37: F&N | F37: RADAMES BAEZ | G37: 120 | H37: PROSPECTO | I37: 0 | J37: 0 | K37: 0 | L37: 150 | M37: 250 | N37: 250 | O37: 250 | P37: 250 | Q37: 250 | R37: 250 | S37: 0 | T37: 0 | U37: =SUM(I37:T37) -> 1650 | W37: =$G37*I37 -> 0 | X37: =$G37*J37 -> 0 | Y37: =$G37*K37 -> 0 | Z37: =$G37*L37 -> 18000 | AA37: =$G37*M37 -> 30000 | AB37: =$G37*N37 -> 30000 | AC37: =$G37*O37 -> 30000 | AD37: =$G37*P37 -> 30000 | ... AH37: =$G37*T37 -> 0 | AI37: =SUM(W37:AH37) -> 198000
A38: S/C | B38: LA MADRILEÑA | C38: PENDIENTE | D38: BIOZYME PROOF A | E38: F&N | F38: RADAMES BAEZ | G38: 120 | H38: PROSPECTO | I38: 0 | J38: 0 | K38: 0 | L38: 0 | M38: 0 | N38: 150 | O38: 150 | P38: 150 | Q38: 150 | R38: 150 | S38: 0 | T38: 0 | U38: =SUM(I38:T38) -> 750 | W38: =$G38*I38 -> 0 | X38: =$G38*J38 -> 0 | Y38: =$G38*K38 -> 0 | Z38: =$G38*L38 -> 0 | AA38: =$G38*M38 -> 0 | AB38: =$G38*N38 -> 18000 | AC38: =$G38*O38 -> 18000 | AD38: =$G38*P38 -> 18000 | ... AH38: =$G38*T38 -> 0 | AI38: =SUM(W38:AH38) -> 90000
A39: S/C | B39: TEQUILA ARTESANAL DE LOS ALTOS DE JALISCO | C39: PENDIENTE | D39: BIOZYME J | E39: F&N | F39: RADAMES BAEZ | G39: 70 | H39: PROSPECTO | I39: 0 | J39: 0 | K39: 0 | L39: 0 | M39: 0 | N39: 150 | O39: 170 | P39: 200 | Q39: 200 | R39: 200 | S39: 200 | T39: 200 | U39: =SUM(I39:T39) -> 1320 | W39: =$G39*I39 -> 0 | X39: =$G39*J39 -> 0 | Y39: =$G39*K39 -> 0 | Z39: =$G39*L39 -> 0 | AA39: =$G39*M39 -> 0 | AB39: =$G39*N39 -> 10500 | AC39: =$G39*O39 -> 11900 | AD39: =$G39*P39 -> 14000 | ... AH39: =$G39*T39 -> 14000 | AI39: =SUM(W39:AH39) -> 92400
B40: TOTAL F & N | W40: =SUM(W26:W38) -> 4072 | X40: =SUM(X26:X38) -> 18952.8 | Y40: =SUM(Y26:Y38) -> 5807 | Z40: =SUM(Z26:Z38) -> 50512.4 | AA40: =SUM(AA26:AA38) -> 107152 | AB40: =SUM(AB26:AB38) -> 117357.8 | AC40: =SUM(AC26:AC38) -> 127052 | AD40: =SUM(AD26:AD38) -> 120387.4 | ... AH40: =SUM(AH26:AH38) -> 14797 | AI40: =SUM(AI26:AI39) -> 975022.6
A42: 89 | B42: KERRY INGREDIENTS DE MEXICO SA DE CV | C42: MP-0226 | D42: BIOREMOVE COD | E42: BACTERIAS | F42: RADAMES BAEZ | G42: 494.5 | H42: PRESUPUESTO | I42: 0 | J42: 0 | K42: 0 | L42: 4 | M42: 0 | N42: 0 | O42: 0 | P42: 4 | Q42: 0 | R42: 0 | S42: 0 | T42: 0 | U42: =SUM(I42:T42) -> 8 | W42: =$G42*I42 -> 0 | X42: =$G42*J42 -> 0 | Y42: =$G42*K42 -> 0 | Z42: =$G42*L42 -> 1978 | AA42: =$G42*M42 -> 0 | AB42: =$G42*N42 -> 0 | AC42: =$G42*O42 -> 0 | AD42: =$G42*P42 -> 1978 | ... AH42: =$G42*T42 -> 0 | AI42: =SUM(W42:AH42) -> 3956
A43: 491 | B43: BACHOCO | C43: MP-0226 | D43: BIOREMOVE COD | E43: BACTERIAS | F43: RADAMES BAEZ | G43: 494.5 | H43: PRESUPUESTO | I43: 0 | J43: 0 | K43: 0 | L43: 0 | M43: 2 | N43: 0 | O43: 0 | P43: 0 | Q43: 2 | R43: 0 | S43: 0 | T43: 0 | U43: =SUM(I43:T43) -> 4 | W43: =$G43*I43 -> 0 | X43: =$G43*J43 -> 0 | Y43: =$G43*K43 -> 0 | Z43: =$G43*L43 -> 0 | AA43: =$G43*M43 -> 989 | AB43: =$G43*N43 -> 0 | AC43: =$G43*O43 -> 0 | AD43: =$G43*P43 -> 0 | ... AH43: =$G43*T43 -> 0 | AI43: =SUM(W43:AH43) -> 1978
A44: 491 | B44: BACHOCO | C44: MP-0227 | D44: BIOREMOVE FOD BOOST | E44: BACTERIAS | F44: RADAMES BAEZ | G44: 397 | H44: PRESUPUESTO | I44: 0 | J44: 0 | K44: 0 | L44: 0 | M44: 2 | N44: 0 | O44: 0 | P44: 0 | Q44: 2 | R44: 0 | S44: 0 | T44: 0 | U44: =SUM(I44:T44) -> 4 | W44: =$G44*I44 -> 0 | X44: =$G44*J44 -> 0 | Y44: =$G44*K44 -> 0 | Z44: =$G44*L44 -> 0 | AA44: =$G44*M44 -> 794 | AB44: =$G44*N44 -> 0 | AC44: =$G44*O44 -> 0 | AD44: =$G44*P44 -> 0 | ... AH44: =$G44*T44 -> 0 | AI44: =SUM(W44:AH44) -> 1588
A45: S/C | B45: BACHOCO CULIACAN | C45: MP-0227 | D45: BIOREMOVE FOD BOOST | E45: BACTERIAS | F45: RADAMES BAEZ | G45: 397 | H45: PROSPECTO | I45: 0 | J45: 0 | K45: 0 | L45: 3 | M45: 3 | N45: 3 | O45: 0 | P45: 3 | Q45: 0 | R45: 3 | S45: 0 | T45: 3 | U45: =SUM(I45:T45) -> 18 | W45: =$G45*I45 -> 0 | X45: =$G45*J45 -> 0 | Y45: =$G45*K45 -> 0 | Z45: =$G45*L45 -> 1191 | AA45: =$G45*M45 -> 1191 | AB45: =$G45*N45 -> 1191 | AC45: =$G45*O45 -> 0 | AD45: =$G45*P45 -> 1191 | ... AH45: =$G45*T45 -> 1191 | AI45: =SUM(W45:AH45) -> 7146
A46: S/C | B46: BACHOCO CULIACAN | C46: MP-0226 | D46: BIORMOVE COD | E46: BACTERIAS | F46: RADAMES BAEZ | G46: 494.5 | H46: PROSPECTO | I46: 0 | J46: 0 | K46: 0 | L46: 3 | M46: 3 | N46: 3 | O46: 0 | P46: 3 | Q46: 0 | R46: 3 | S46: 0 | T46: 3 | U46: =SUM(I46:T46) -> 18 | W46: =$G46*I46 -> 0 | X46: =$G46*J46 -> 0 | Y46: =$G46*K46 -> 0 | Z46: =$G46*L46 -> 1483.5 | AA46: =$G46*M46 -> 1483.5 | AB46: =$G46*N46 -> 1483.5 | AC46: =$G46*O46 -> 0 | AD46: =$G46*P46 -> 1483.5 | ... AH46: =$G46*T46 -> 1483.5 | AI46: =SUM(W46:AH46) -> 8901
A47: S/C | B47: BACHOCO HERMOSILLO | C47: MP-0227 | D47: BIOREMOVE FOD BOOST | E47: BACTERIAS | F47: RADAMES BAEZ | G47: 397 | H47: PROSPECTO | I47: 0 | J47: 0 | K47: 0 | L47: 3 | M47: 3 | N47: 3 | O47: 0 | P47: 3 | Q47: 0 | R47: 3 | S47: 0 | T47: 3 | U47: =SUM(I47:T47) -> 18 | W47: =$G47*I47 -> 0 | X47: =$G47*J47 -> 0 | Y47: =$G47*K47 -> 0 | Z47: =$G47*L47 -> 1191 | AA47: =$G47*M47 -> 1191 | AB47: =$G47*N47 -> 1191 | AC47: =$G47*O47 -> 0 | AD47: =$G47*P47 -> 1191 | ... AH47: =$G47*T47 -> 1191 | AI47: =SUM(W47:AH47) -> 7146
A48: S/C | B48: BACHOCO HERMOSILLO | C48: MP-0226 | D48: BIOREMOVE COD | E48: BACTERIAS | F48: RADAMES BAEZ | G48: 494.5 | H48: PROSPECTO | I48: 0 | J48: 0 | K48: 0 | L48: 3 | M48: 3 | N48: 3 | O48: 0 | P48: 3 | Q48: 0 | R48: 3 | S48: 0 | T48: 3 | U48: =SUM(I48:T48) -> 18 | W48: =$G48*I48 -> 0 | X48: =$G48*J48 -> 0 | Y48: =$G48*K48 -> 0 | Z48: =$G48*L48 -> 1483.5 | AA48: =$G48*M48 -> 1483.5 | AB48: =$G48*N48 -> 1483.5 | AC48: =$G48*O48 -> 0 | AD48: =$G48*P48 -> 1483.5 | ... AH48: =$G48*T48 -> 1483.5 | AI48: =SUM(W48:AH48) -> 8901
B49: TOTAL BACTERIAS | I49: =SUM(I42:I48) -> 0 | J49: =SUM(J42:J48) -> 0 | K49: =SUM(K42:K48) -> 0 | L49: =SUM(L42:L48) -> 16 | M49: =SUM(M42:M48) -> 16 | N49: =SUM(N42:N48) -> 12 | O49: =SUM(O42:O48) -> 0 | P49: =SUM(P42:P48) -> 16 | ... U49: =SUM(U42:U48) -> 88 | W49: =SUM(W42:W48) -> 0 | X49: =SUM(X42:X48) -> 0 | Y49: =SUM(Y42:Y48) -> 0 | Z49: =SUM(Z42:Z48) -> 7327 | AA49: =SUM(AA42:AA48) -> 7132 | AB49: =SUM(AB42:AB48) -> 5349 | AC49: =SUM(AC42:AC48) -> 0 | AD49: =SUM(AD42:AD48) -> 7327 | ... AI49: =SUM(AI42:AI48) -> 39616
B51: TOTAL RADAMÉS BÁEZ | W51: =W24+W40+W49 -> 27547 | X51: =X24+X40+X49 -> 40477.8 | Y51: =Y24+Y40+Y49 -> 29907 | Z51: =Z24+Z40+Z49 -> 74949.4 | AA51: =AA24+AA40+AA49 -> 151776 | AB51: =AB24+AB40+AB49 -> 163964.3 | AC51: =AC24+AC40+AC49 -> 178804 | AD51: =AD24+AD40+AD49 -> 186676.9 | ... AI51: =AI24+AI40+AI49 -> 1452458.6

Sheet RODOLFO 2026
C1: PRESUPUESTO RODOLFO 2025
B3: CLAVE | D3: CLAVE DEL PRODUCTO SKU | E3: PRODUCTO | F3: AREA | G3: VENDEDOR | H3: PRECIO UNITARIO EN DOLARES 2025 | I3: TIPO | J3: ENERO | K3: FEBRERO | L3: MARZO | M3: ABRIL | N3: MAYO | O3: JUNIO | P3: JULIO | Q3: AGOSTO | R3: SEPTIEMBRE | S3: OCTUBRE | T3: NOVIEMBRE | U3: DICIEMBRE | V3: TOTAL | X3: ENERO | Y3: FEBRERO | Z3: MARZO | AA3: ABRIL | AB3: MAYO | AC3: JUNIO | AD3: JULIO | AE3: AGOSTO | AF3: SEPTIEMBRE | AG3: OCTUBRE | AH3: NOVIEMBRE | AI3: DICIEMBRE | AJ3: TOTAL
B4: 67 | C4: GELITA MEXICO S DE RL DE CV | D4: CON-0010 | E4: BIOREMOVE AM | F4: BACTERIAS | G4: RODOLFO AYALA | H4: 177 | I4: PRESUPUESTO | T4: 27 | U4: 0 | V4: =SUM(J4:U4) -> 27 | X4: =J4*$H4 -> 0 | Y4: =K4*$H4 -> 0 | Z4: =L4*$H4 -> 0 | AA4: =M4*$H4 -> 0 | AB4: =N4*$H4 -> 0 | AC4: =O4*$H4 -> 0 | AD4: =P4*$H4 -> 0 | AE4: =Q4*$H4 -> 0 | ... AI4: =U4*$H4 -> 0 | AJ4: =SUM(X4:AI4) -> 4779
B5: 177 | C5: COLOIDALES DUCHE SA DE CV | D5: MP-0311 | E5: GREASE & ODOR CONTROL | F5: BACTERIAS | G5: RODOLFO AYALA | H5: 750 | I5: PROSPECTO | K5: 1 | N5: 1 | Q5: 1 | T5: 1 | V5: =SUM(J5:U5) -> 4 | X5: =J5*$H5 -> 0 | Y5: =K5*$H5 -> 750 | Z5: =L5*$H5 -> 0 | AA5: =M5*$H5 -> 0 | AB5: =N5*$H5 -> 750 | AC5: =O5*$H5 -> 0 | AD5: =P5*$H5 -> 0 | AE5: =Q5*$H5 -> 750 | ... AI5: =U5*$H5 -> 0 | AJ5: =SUM(X5:AI5) -> 3000
C6: TOTAL BACTERIAS | X6: =SUM(X4:X5) -> 0 | Y6: =SUM(Y4:Y5) -> 750 | Z6: =SUM(Z4:Z5) -> 0 | AA6: =SUM(AA4:AA5) -> 0 | AB6: =SUM(AB4:AB5) -> 750 | AC6: =SUM(AC4:AC5) -> 0 | AD6: =SUM(AD4:AD5) -> 0 | AE6: =SUM(AE4:AE5) -> 750 | ... AJ6: =SUM(AJ4:AJ5) -> 7779
B7: 380 | C7: AMINOVUS BIOTEC | D7: 202 | E7: FLAVOURZYME 500 MG | F7: F&N | G7: RODOLFO AYALA | H7: 92.7 | I7: PRESUPUESTO | S7: 20 | V7: =SUM(J7:U7) -> 20 | X7: =J7*$H7 -> 0 | Y7: =K7*$H7 -> 0 | Z7: =L7*$H7 -> 0 | AA7: =M7*$H7 -> 0 | AB7: =N7*$H7 -> 0 | AC7: =O7*$H7 -> 0 | AD7: =P7*$H7 -> 0 | AE7: =Q7*$H7 -> 0 | ... AI7: =U7*$H7 -> 0 | AJ7: =SUM(X7:AI7) -> 1854
B8: 15 | C8: AVIGM SA DE CV | D8: 212 | E8: GLUZYME MONO 10000 | F8: F&N | G8: RODOLFO AYALA | H8: 201.58 | I8: PRESUPUESTO | J8: 20 | L8: 20 | O8: 20 | Q8: 20 | R8: 20 | U8: 20 | V8: =SUM(J8:U8) -> 120 | X8: =J8*$H8 -> 4031.6 | Y8: =K8*$H8 -> 0 | Z8: =L8*$H8 -> 4031.6 | AA8: =M8*$H8 -> 0 | AB8: =N8*$H8 -> 0 | AC8: =O8*$H8 -> 4031.6 | AD8: =P8*$H8 -> 0 | AE8: =Q8*$H8 -> 4031.6 | ... AI8: =U8*$H8 -> 4031.6 | AJ8: =SUM(X8:AI8) -> 24189.6
B9: 22 | C9: BIOTECNICA INTERNACIONAL SA DE CV | D9: RE-0037 | E9: ALCALASE 2.5 L | F9: F&N | G9: RODOLFO AYALA | H9: 33.02 | I9: PRESUPUESTO | K9: 800 | P9: 800 | T9: 800 | V9: =SUM(J9:U9) -> 2400 | X9: =J9*$H9 -> 0 | Y9: =K9*$H9 -> 26416 | Z9: =L9*$H9 -> 0 | AA9: =M9*$H9 -> 0 | AB9: =N9*$H9 -> 0 | AC9: =O9*$H9 -> 0 | AD9: =P9*$H9 -> 26416 | AE9: =Q9*$H9 -> 0 | ... AI9: =U9*$H9 -> 0 | AJ9: =SUM(X9:AI9) -> 79248
B10: 67 | C10: GELITA MEXICO S DE RL DE CV | D10: PT-0267 | E10: LIM-CIP 1000 | F10: F&N | G10: RODOLFO AYALA | H10: 46.82 | I10: PRESUPUESTO | O10: 20 | S10: 20 | V10: =SUM(J10:U10) -> 40 | X10: =J10*$H10 -> 0 | Y10: =K10*$H10 -> 0 | Z10: =L10*$H10 -> 0 | AA10: =M10*$H10 -> 0 | AB10: =N10*$H10 -> 0 | AC10: =O10*$H10 -> 936.4 | AD10: =P10*$H10 -> 0 | AE10: =Q10*$H10 -> 0 | ... AI10: =U10*$H10 -> 0 | AJ10: =SUM(X10:AI10) -> 1872.8
B11: 492 | C11: INDUSTRIAS BARDA | D11: PT-0175 | E11: BIOALCA PLUS | F11: F&N | G11: RODOLFO AYALA | H11: 25 | I11: PRESUPUESTO | L11: 100 | O11: 100 | U11: 100 | V11: =SUM(J11:U11) -> 300 | X11: =J11*$H11 -> 0 | Y11: =K11*$H11 -> 0 | Z11: =L11*$H11 -> 2500 | AA11: =M11*$H11 -> 0 | AB11: =N11*$H11 -> 0 | AC11: =O11*$H11 -> 2500 | AD11: =P11*$H11 -> 0 | AE11: =Q11*$H11 -> 0 | ... AI11: =U11*$H11 -> 2500 | AJ11: =SUM(X11:AI11) -> 7500
B12: 465 | C12: MICROALGAS OLEAS DE MEXICO | D12: PT-0249 | E12: BIOZYME HYDROPOL PP-B | F12: F&N | G12: RODOLFO AYALA | H12: 25 | I12: PRESUPUESTO | P12: 25 | V12: =SUM(J12:U12) -> 25 | X12: =J12*$H12 -> 0 | Y12: =K12*$H12 -> 0 | Z12: =L12*$H12 -> 0 | AA12: =M12*$H12 -> 0 | AB12: =N12*$H12 -> 0 | AC12: =O12*$H12 -> 0 | AD12: =P12*$H12 -> 625 | AE12: =Q12*$H12 -> 0 | ... AI12: =U12*$H12 -> 0 | AJ12: =SUM(X12:AI12) -> 625
B13: 465 | C13: MICROALGAS OLEAS DE MEXICO | D13: 202 | E13: FLAVOURZYME 500 MG | F13: F&N | G13: RODOLFO AYALA | H13: 95 | I13: PRESUPUESTO | P13: 20 | V13: =SUM(J13:U13) -> 20 | X13: =J13*$H13 -> 0 | Y13: =K13*$H13 -> 0 | Z13: =L13*$H13 -> 0 | AA13: =M13*$H13 -> 0 | AB13: =N13*$H13 -> 0 | AC13: =O13*$H13 -> 0 | AD13: =P13*$H13 -> 1900 | AE13: =Q13*$H13 -> 0 | ... AI13: =U13*$H13 -> 0 | AJ13: =SUM(X13:AI13) -> 1900
B14: 382 | C14: PC BIOLOGICS, S. A. DE C. V. | D14: CON-0010 | E14: ALCALASE 2.5 L | F14: F&N | G14: RODOLFO AYALA | H14: 31.83 | I14: PRESUPUESTO | J14: 1000 | L14: 1000 | O14: 1000 | Q14: 1000 | S14: 1000 | U14: 1000 | V14: =SUM(J14:U14) -> 6000 | X14: =J14*$H14 -> 31830 | Y14: =K14*$H14 -> 0 | Z14: =L14*$H14 -> 31830 | AA14: =M14*$H14 -> 0 | AB14: =N14*$H14 -> 0 | AC14: =O14*$H14 -> 31830 | AD14: =P14*$H14 -> 0 | AE14: =Q14*$H14 -> 31830 | ... AI14: =U14*$H14 -> 31830 | AJ14: =SUM(X14:AI14) -> 190980
B15: 400 | C15: PLASSET INGREDIENTS | D15: 283 | E15: N37071 | F15: F&N | G15: RODOLFO AYALA | H15: 77.25 | I15: PRESUPUESTO | R15: 25 | V15: =SUM(J15:U15) -> 25 | X15: =J15*$H15 -> 0 | Y15: =K15*$H15 -> 0 | Z15: =L15*$H15 -> 0 | AA15: =M15*$H15 -> 0 | AB15: =N15*$H15 -> 0 | AC15: =O15*$H15 -> 0 | AD15: =P15*$H15 -> 0 | AE15: =Q15*$H15 -> 0 | ... AI15: =U15*$H15 -> 0 | AJ15: =SUM(X15:AI15) -> 1931.25
B16: 252 | C16: QUESERIA DOS LAGUNAS, SPR DE R.L. DE C.V. | D16: 202 | E16: FLAVOURZYME 500 MG | F16: F&N | G16: RODOLFO AYALA | H16: 99.91 | I16: PRESUPUESTO | L16: 0 | M16: 0 | P16: 0 | U16: 80 | V16: =SUM(J16:U16) -> 80 | X16: =J16*$H16 -> 0 | Y16: =K16*$H16 -> 0 | Z16: =L16*$H16 -> 0 | AA16: =M16*$H16 -> 0 | AB16: =N16*$H16 -> 0 | AC16: =O16*$H16 -> 0 | AD16: =P16*$H16 -> 0 | AE16: =Q16*$H16 -> 0 | ... AI16: =U16*$H16 -> 7992.8 | AJ16: =SUM(X16:AI16) -> 7992.8
B17: 484 | C17: SERCONOMAR | D17: PT-0175 | E17: BIOALCA PLUS | F17: F&N | G17: RODOLFO AYALA | H17: 23.78 | I17: PRESUPUESTO | L17: 50 | M17: 50 | N17: 50 | O17: 50 | P17: 50 | T17: 50 | V17: =SUM(J17:U17) -> 300 | X17: =J17*$H17 -> 0 | Y17: =K17*$H17 -> 0 | Z17: =L17*$H17 -> 1189 | AA17: =M17*$H17 -> 1189 | AB17: =N17*$H17 -> 1189 | AC17: =O17*$H17 -> 1189 | AD17: =P17*$H17 -> 1189 | AE17: =Q17*$H17 -> 0 | ... AI17: =U17*$H17 -> 0 | AJ17: =SUM(X17:AI17) -> 7134
B18: 349 | C18: VILLA VERDE AGRICOLA MEXICANA, S.A. DE C.V. | D18: RE-0049 | E18: FRIMEX 1000 | F18: F&N | G18: RODOLFO AYALA | H18: 40 | I18: PRESUPUESTO | K18: 50 | L18: 50 | V18: =SUM(J18:U18) -> 100 | X18: =J18*$H18 -> 0 | Y18: =K18*$H18 -> 2000 | Z18: =L18*$H18 -> 2000 | AA18: =M18*$H18 -> 0 | AB18: =N18*$H18 -> 0 | AC18: =O18*$H18 -> 0 | AD18: =P18*$H18 -> 0 | AE18: =Q18*$H18 -> 0 | ... AI18: =U18*$H18 -> 0 | AJ18: =SUM(X18:AI18) -> 4000
B19: 471 | C19: ALIMENTINNA | D19: PT-0274 | E19: FLAVOR AM-050 | F19: F&N | G19: RODOLFO AYALA | H19: 104 | I19: PRESUPUESTO | S19: 20 | V19: =SUM(J19:U19) -> 20 | X19: =J19*$H19 -> 0 | AA19: =M19*$H19 -> 0 | AB19: =N19*$H19 -> 0 | AC19: =O19*$H19 -> 0 | AD19: =P19*$H19 -> 0 | AE19: =Q19*$H19 -> 0 | AF19: =R19*$H19 -> 0 | AG19: =S19*$H19 -> 2080 | AH19: =T19*$H19 -> 0 | AI19: =U19*$H19 -> 0 | AJ19: =SUM(X19:AI19) -> 2080
B20: 471 | C20: ALIMENTINNA | D20: MP-0001 | E20: PALATASE 2000 L | F20: F&N | G20: RODOLFO AYALA | H20: 982.31 | I20: PRESUPUESTO | L20: 5 | Q20: 5 | T20: 5 | V20: =SUM(J20:U20) -> 15 | X20: =J20*$H20 -> 0 | Y20: =K20*$H20 -> 0 | Z20: =L20*$H20 -> 4911.55 | AA20: =M20*$H20 -> 0 | AB20: =N20*$H20 -> 0 | AC20: =O20*$H20 -> 0 | AD20: =P20*$H20 -> 0 | AE20: =Q20*$H20 -> 4911.55 | ... AI20: =U20*$H20 -> 0 | AJ20: =SUM(X20:AI20) -> 14734.65
B21: 177 | C21: COLOIDALES DUCHE SA DE CV | D21: PT-0157 | E21: BIOALCA 2.5 (ALCLASE.25 L) | F21: F&N | G21: RODOLFO AYALA | H21: 19 | I21: PRESUPUESTO | J21: 1000 | K21: 1000 | L21: 1000 | M21: 1000 | O21: 1000 | P21: 1000 | Q21: 1000 | R21: 1000 | S21: 1000 | T21: 1000 | V21: =SUM(J21:U21) -> 10000 | X21: =J21*$H21 -> 19000 | Y21: =K21*$H21 -> 19000 | Z21: =L21*$H21 -> 19000 | AA21: =M21*$H21 -> 19000 | AB21: =N21*$H21 -> 0 | AC21: =O21*$H21 -> 19000 | AD21: =P21*$H21 -> 19000 | AE21: =Q21*$H21 -> 19000 | ... AI21: =U21*$H21 -> 0 | AJ21: =SUM(X21:AI21) -> 190000
B22: 239 | C22: PROTEINAS NATURALES, S.A. | D22: 10 | E22: ALCALASE 2.5 L | F22: F&N | G22: RODOLFO AYALA | H22: 25.65 | I22: PRESUPUESTO | K22: 300 | L22: 200 | V22: =SUM(J22:U22) -> 500 | X22: =J22*$H22 -> 0 | Y22: =K22*$H22 -> 7695 | Z22: =L22*$H22 -> 5130 | AA22: =M22*$H22 -> 0 | AB22: =N22*$H22 -> 0 | AC22: =O22*$H22 -> 0 | AD22: =P22*$H22 -> 0 | AE22: =Q22*$H22 -> 0 | ... AI22: =U22*$H22 -> 0 | AJ22: =SUM(X22:AI22) -> 12825
B23: 423 | C23: VISCERAS SELECTAS DEL BAJIO | D23: PT-0270 | E23: HPR-1000 | F23: F&N | G23: RODOLFO AYALA | H23: 21.74 | I23: PRESUPUESTO | L23: 2000 | O23: 2000 | R23: 2000 | U23: 2000 | V23: =SUM(J23:U23) -> 8000 | X23: =J23*$H23 -> 0 | Y23: =K23*$H23 -> 0 | Z23: =L23*$H23 -> 43480 | AA23: =M23*$H23 -> 0 | AB23: =N23*$H23 -> 0 | AC23: =O23*$H23 -> 43480 | AD23: =P23*$H23 -> 0 | AE23: =Q23*$H23 -> 0 | ... AI23: =U23*$H23 -> 43480 | AJ23: =SUM(X23:AI23) -> 173920
B24: 507 | C24: SENSIENT FLAVORS MEXICO | D24: PT-0274 | E24: FLAVOR AM-050 | F24: F&N | G24: RODOLFO AYALA | H24: 99.1 | I24: PROSPECTO | O24: 20 | V24: =SUM(J24:U24) -> 20 | X24: =J24*$H24 -> 0 | Y24: =K24*$H24 -> 0 | Z24: =L24*$H24 -> 0 | AA24: =M24*$H24 -> 0 | AB24: =N24*$H24 -> 0 | AC24: =O24*$H24 -> 1982 | AD24: =P24*$H24 -> 0 | AE24: =Q24*$H24 -> 0 | ... AI24: =U24*$H24 -> 0 | AJ24: =SUM(X24:AI24) -> 1982
C25: MAZ INDUSTRIAL | F25: F&N | G25: RODOLFO AYALA | H25: 16 | I25: PROSPECTO | K25: 700 | L25: 700 | M25: 700 | N25: 700 | O25: 700 | S25: 700 | T25: 700 | U25: 600 | V25: =SUM(J25:U25) -> 5500 | X25: =J25*$H25 -> 0 | Y25: =K25*$H25 -> 11200 | Z25: =L25*$H25 -> 11200 | AA25: =M25*$H25 -> 11200 | AB25: =N25*$H25 -> 11200 | AC25: =O25*$H25 -> 11200 | AD25: =P25*$H25 -> 0 | AE25: =Q25*$H25 -> 0 | ... AI25: =U25*$H25 -> 9600 | AJ25: =SUM(X25:AI25) -> 88000
B26: 471 | C26: ALIMENTINNA | D26: 202 | E26: FLAVOURZYME 500 MG | F26: F&N | G26: RODOLFO AYALA | H26: 107 | I26: PROSPECTO | Q26: 20 | V26: =SUM(J26:U26) -> 20 | X26: =J26*$H26 -> 0 | Y26: =K26*$H26 -> 0 | Z26: =L26*$H26 -> 0 | AB26: =N26*$H26 -> 0 | AC26: =O26*$H26 -> 0 | AD26: =P26*$H26 -> 0 | AE26: =Q26*$H26 -> 2140 | AF26: =R26*$H26 -> 0 | AH26: =T26*$H26 -> 0 | AI26: =U26*$H26 -> 0 | AJ26: =SUM(X26:AI26) -> 2140
B27: 177 | C27: COLOIDALES DUCHE SA DE CV | D27: 366 | E27: CATAZYME 25 L | F27: F&N | G27: RODOLFO AYALA | H27: 81.12 | I27: PROSPECTO | K27: 20 | N27: 20 | Q27: 20 | T27: 20 | V27: =SUM(J27:U27) -> 80 | X27: =J27*$H27 -> 0 | Y27: =K27*$H27 -> 1622.4 | Z27: =L27*$H27 -> 0 | AA27: =M27*$H27 -> 0 | AB27: =N27*$H27 -> 1622.4 | AC27: =O27*$H27 -> 0 | AD27: =P27*$H27 -> 0 | AE27: =Q27*$H27 -> 1622.4 | ... AI27: =U27*$H27 -> 0 | AJ27: =SUM(X27:AI27) -> 6489.6
B28: 469 | C28: PACIFICO INDUSTRIAL | D28: PT-0175 | E28: BIOALCA PLUS | F28: F&N | G28: RODOLFO AYALA | H28: 23.68 | I28: PROSPECTO | K28: 50 | V28: =SUM(J28:U28) -> 50 | X28: =J28*$H28 -> 0 | Y28: =K28*$H28 -> 1184 | Z28: =L28*$H28 -> 0 | AA28: =M28*$H28 -> 0 | AB28: =N28*$H28 -> 0 | AC28: =O28*$H28 -> 0 | AD28: =P28*$H28 -> 0 | AE28: =Q28*$H28 -> 0 | ... AI28: =U28*$H28 -> 0 | AJ28: =SUM(X28:AI28) -> 1184
C29: TEQUILA CORRALEJO | E29: BIOZYME PROOF A | F29: F&N | G29: RODOLFO AYALA | H29: 100 | I29: PROSPECTO | S29: 50 | T29: 50 | U29: 50 | V29: =SUM(J29:U29) -> 150 | X29: =J29*$H29 -> 0 | Y29: =K29*$H29 -> 0 | Z29: =L29*$H29 -> 0 | AA29: =M29*$H29 -> 0 | AB29: =N29*$H29 -> 0 | AC29: =O29*$H29 -> 0 | AD29: =P29*$H29 -> 0 | AE29: =Q29*$H29 -> 0 | ... AH29: =T29*$H29 -> 5000 | AJ29: =SUM(X29:AI29) -> 10000
C30: TEQUILA CORRALEJO | E30: BIOZYME PROOF A | F30: F&N | G30: RODOLFO AYALA | H30: 100 | I30: PROSPECTO | P30: 50 | Q30: 100 | R30: 200 | S30: 200 | T30: 150 | U30: 200 | V30: =SUM(J30:U30) -> 900 | X30: =J30*$H30 -> 0 | Y30: =K30*$H30 -> 0 | Z30: =L30*$H30 -> 0 | AA30: =M30*$H30 -> 0 | AB30: =N30*$H30 -> 0 | AC30: =O30*$H30 -> 0 | AD30: =P30*$H30 -> 5000 | AE30: =Q30*$H30 -> 10000 | ... AI30: =U30*$H30 -> 20000 | AJ30: =SUM(X30:AI30) -> 90000
C31: DESTILERIA SANTA LUCIA | E31: BIOZYME PROOF A | F31: F&N | G31: RODOLFO AYALA | H31: 90 | I31: PROSPECTO | P31: 100 | Q31: 300 | R31: 300 | S31: 300 | T31: 600 | V31: =SUM(J31:U31) -> 1600 | X31: =J31*$H31 -> 0 | Y31: =K31*$H31 -> 0 | Z31: =L31*$H31 -> 0 | AA31: =M31*$H31 -> 0 | AB31: =N31*$H31 -> 0 | AC31: =O31*$H31 -> 0 | AD31: =P31*$H31 -> 9000 | AE31: =Q31*$H31 -> 27000 | ... AI31: =U31*$H31 -> 0 | AJ31: =SUM(X31:AI31) -> 144000
C32: TOTAL F&N | X32: =SUM(X7:X31) -> 54861.6 | Y32: =SUM(Y7:Y31) -> 69117.4 | Z32: =SUM(Z7:Z31) -> 125272.15 | AA32: =SUM(AA7:AA31) -> 31389 | AB32: =SUM(AB7:AB31) -> 14011.4 | AC32: =SUM(AC7:AC31) -> 116149 | AD32: =SUM(AD7:AD31) -> 63130 | AE32: =SUM(AE7:AE31) -> 100535.55 | ... AJ32: =SUM(AJ7:AJ31) -> 1066582.7
B33: 11 | C33: ALIMENTOS PROFUSA | D33: 298 | E33: BIOAG 800 L (ATENUZYME PRO) | F33: JUGOS | G33: RODOLFO AYALA | H33: 21.52 | I33: PRESUPUESTO | R33: 0 | S33: 50 | V33: =SUM(J33:U33) -> 50 | X33: =J33*$H33 -> 0 | Y33: =K33*$H33 -> 0 | Z33: =L33*$H33 -> 0 | AA33: =M33*$H33 -> 0 | AB33: =N33*$H33 -> 0 | AC33: =O33*$H33 -> 0 | AD33: =P33*$H33 -> 0 | AE33: =Q33*$H33 -> 0 | ... AI33: =U33*$H33 -> 0 | AJ33: =SUM(X33:AI33) -> 1076
